2020-04-16 10:25:23.952,231.641,0.00537788,0.0526145
2020-04-16 10:25:24.026,231.641,0.00537788,0.0526145
2020-04-16 10:25:24.093,231.641,0.00537788,0.0526145
2020-04-16 10:25:24.168,231.641,0.00537788,0.0526145
2020-04-16 10:25:24.233,231.641,0.00537788,0.0526145
2020-04-16 10:25:24.300,231.641,0.00537788,0.052192
2020-04-16 10:25:24.376,231.641,0.00537788,0.0526145
2020-04-16 10:25:24.439,231.925,0.00499035,0.0526145
2020-04-16 10:25:24.501,231.896,0.00499035,0.0526145
2020-04-16 10:25:24.562,231.896,0.00499035,0.0526145
2020-04-16 10:25:24.650,231.896,0.00499035,0.0531822
2020-04-16 10:25:24.718,231.641,0.00537788,0.0526145
2020-04-16 10:25:24.786,231.641,0.00499035,0.0531822
2020-04-16 10:25:24.851,231.896,0.00499035,0.0531822
2020-04-16 10:25:24.920,231.896,0.00499035,0.0531822
2020-04-16 10:25:24.993,231.896,0.00499035,0.0531822
2020-04-16 10:25:25.062,231.896,0.00499035,0.0531822
2020-04-16 10:25:25.132,231.896,0.00499035,0.0511566
2020-04-16 10:25:25.203,231.896,0.00499035,0.0531822
2020-04-16 10:25:25.271,231.896,0.00499035,0.0531822
2020-04-16 10:25:25.345,231.896,0.00527829,0.0511566
2020-04-16 10:25:25.408,231.896,0.00499035,0.0511566
2020-04-16 10:25:25.471,231.828,0.00527829,0.0511566
2020-04-16 10:25:25.538,231.828,0.00499035,0.0511566
2020-04-16 10:25:25.613,231.828,0.00499035,0.0511566
2020-04-16 10:25:25.683,231.828,0.00527829,0.0511566
2020-04-16 10:25:25.743,231.828,0.00527829,0.0511566
2020-04-16 10:25:25.822,231.828,0.00527829,0.0496338
2020-04-16 10:25:25.892,231.828,0.00527829,0.0496338
2020-04-16 10:25:25.982,231.828,0.00499035,0.0496338
2020-04-16 10:25:26.052,231.828,0.00527829,0.0496338
2020-04-16 10:25:26.129,231.828,0.00527829,0.0496338
2020-04-16 10:25:26.196,231.828,0.00527829,0.0496338
2020-04-16 10:25:26.262,231.828,0.00527829,0.0496338
2020-04-16 10:25:26.333,231.828,0.00527829,0.0496338
2020-04-16 10:25:26.405,231.828,0.00527829,0.0496338
2020-04-16 10:25:26.465,231.552,0.00527829,0.0496338
2020-04-16 10:25:26.528,231.552,0.00527829,0.0496338
2020-04-16 10:25:26.603,231.552,0.00527829,0.0496338
2020-04-16 10:25:26.665,231.552,0.00527829,0.0496338
2020-04-16 10:25:26.733,231.552,0.00527829,0.0496338
2020-04-16 10:25:26.803,231.552,0.00527829,0.0519665
2020-04-16 10:25:26.872,231.66,0.00527829,0.0519665
2020-04-16 10:25:26.943,231.66,0.00527829,0.0519665
2020-04-16 10:25:27.028,231.66,0.00527829,0.0519665
2020-04-16 10:25:27.099,231.66,0.00527829,0.0519665
2020-04-16 10:25:27.169,231.66,0.00527829,0.0519665
2020-04-16 10:25:27.238,231.66,0.00527829,0.0519665
2020-04-16 10:25:27.307,231.66,0.00527829,0.0519665
2020-04-16 10:25:27.376,231.66,0.00527829,0.0519665
2020-04-16 10:25:27.450,231.66,0.00527829,0.0519665
2020-04-16 10:25:27.530,231.66,0.00527829,0.0519665
2020-04-16 10:25:27.599,231.66,0.00527829,0.0519665
2020-04-16 10:25:27.652,231.492,0.00499035,0.0519665
2020-04-16 10:25:27.710,231.492,0.00527829,0.0519665
2020-04-16 10:25:27.776,231.492,0.00527829,0.050541
2020-04-16 10:25:27.863,231.492,0.00527829,0.050541
2020-04-16 10:25:27.942,231.492,0.00499035,0.050541
2020-04-16 10:25:28.006,231.492,0.00499035,0.050541
2020-04-16 10:25:28.076,231.492,0.00499035,0.050541
2020-04-16 10:25:28.142,231.492,0.00499035,0.050541
2020-04-16 10:25:28.209,231.492,0.00527829,0.050541
2020-04-16 10:25:28.277,231.492,0.00527829,0.050541
2020-04-16 10:25:28.347,231.492,0.00499035,0.050541
2020-04-16 10:25:28.417,231.492,0.00527829,0.050541
2020-04-16 10:25:28.486,231.587,0.00527829,0.050541
2020-04-16 10:25:28.563,231.587,0.00527829,0.050541
2020-04-16 10:25:28.648,231.587,0.00527829,0.050541
2020-04-16 10:25:28.708,231.377,0.00527829,0.050541
2020-04-16 10:25:28.776,231.587,0.00527829,0.0525821
2020-04-16 10:25:28.847,231.266,0.00527829,0.0525821
2020-04-16 10:25:28.910,231.266,0.00527829,0.0525821
2020-04-16 10:25:28.973,231.266,0.00527829,0.0525821
2020-04-16 10:25:29.044,231.266,0.00527829,0.0525821
2020-04-16 10:25:29.120,231.266,0.00527829,0.0525821
2020-04-16 10:25:29.191,231.266,0.00527829,0.0525821
2020-04-16 10:25:29.268,231.266,0.00527829,0.0525821
2020-04-16 10:25:29.336,231.266,0.00527829,0.0525821
2020-04-16 10:25:29.406,231.266,0.00527829,0.0525821
2020-04-16 10:25:29.486,231.266,0.00527829,0.0525821
2020-04-16 10:25:29.557,231.266,0.00527829,0.0525821
2020-04-16 10:25:29.626,231.266,0.00527829,0.0525821
2020-04-16 10:25:29.717,231.266,0.00527829,0.0525821
2020-04-16 10:25:29.799,231.266,0.00527829,0.0528089
2020-04-16 10:25:29.866,231.099,0.00527829,0.0528089
2020-04-16 10:25:29.935,231.099,0.00527829,0.0528089
2020-04-16 10:25:30.009,231.099,0.00527829,0.0528089
2020-04-16 10:25:30.073,231.099,0.00527829,0.0528089
2020-04-16 10:25:30.144,231.099,0.00527829,0.0528089
2020-04-16 10:25:30.214,231.099,0.00527829,0.0528089
2020-04-16 10:25:30.284,231.099,0.0048925,0.0528089
2020-04-16 10:25:30.356,231.317,0.0048925,0.0528089
2020-04-16 10:25:30.426,231.317,0.00527829,0.0528089
2020-04-16 10:25:30.489,231.387,0.00527829,0.0528089
2020-04-16 10:25:30.561,231.387,0.00527829,0.0528089
2020-04-16 10:25:30.637,231.387,0.00527829,0.0528089
2020-04-16 10:25:30.708,231.387,0.00527829,0.0528089
2020-04-16 10:25:30.773,231.387,0.00527829,0.0536512
2020-04-16 10:25:30.843,231.387,0.0048925,0.0536512
2020-04-16 10:25:30.918,231.387,0.0048925,0.0536512
2020-04-16 10:25:31.005,231.387,0.0048925,0.0536512
2020-04-16 10:25:31.096,231.387,0.0048925,0.0536512
2020-04-16 10:25:31.169,231.387,0.0048925,0.0536512
2020-04-16 10:25:31.246,231.387,0.0048925,0.0536512
2020-04-16 10:25:31.316,231.387,0.0048925,0.0537571
2020-04-16 10:25:31.379,231.387,0.0048925,0.0536512
2020-04-16 10:25:31.456,231.387,0.00527829,0.0536512
2020-04-16 10:25:31.527,231.38,0.0048925,0.0536512
2020-04-16 10:25:31.606,231.178,0.00527829,0.0536512
2020-04-16 10:25:31.676,231.178,0.00527829,0.0536512
2020-04-16 10:25:31.749,231.178,0.00527829,0.0511379
2020-04-16 10:25:31.824,231.19,0.00527829,0.0514481
2020-04-16 10:25:31.893,231.19,0.00527829,0.0514481
2020-04-16 10:25:31.961,231.19,0.00527829,0.0514481
2020-04-16 10:25:32.025,231.38,0.0048925,0.0511379
2020-04-16 10:25:32.102,231.38,0.0048925,0.0511379
2020-04-16 10:25:32.173,231.38,0.0048925,0.0511379
2020-04-16 10:25:32.242,231.38,0.0048925,0.0511379
2020-04-16 10:25:32.304,231.38,0.0048925,0.0514481
2020-04-16 10:25:32.373,231.38,0.00527829,0.0514481
2020-04-16 10:25:32.441,231.38,0.00527829,0.0514481
2020-04-16 10:25:32.514,231.248,0.00527829,0.0514481
2020-04-16 10:25:32.592,231.248,0.00527829,0.0514481
2020-04-16 10:25:32.655,231.248,0.00527829,0.0514481
2020-04-16 10:25:32.734,231.19,0.00527829,0.0514481
2020-04-16 10:25:32.822,231.248,0.00527829,0.0527117
2020-04-16 10:25:32.889,231.3,0.00527829,0.0527117
2020-04-16 10:25:32.967,231.3,0.00527829,0.0527117
2020-04-16 10:25:33.045,231.3,0.00527829,0.0527117
2020-04-16 10:25:33.118,231.3,0.0048925,0.0500839
2020-04-16 10:25:33.190,231.248,0.0048925,0.0500839
2020-04-16 10:25:33.255,231.248,0.0048925,0.0527117
2020-04-16 10:25:33.323,231.248,0.0048925,0.0527117
2020-04-16 10:25:33.395,231.248,0.0048925,0.0527117
2020-04-16 10:25:33.465,231.248,0.0048925,0.0527117
2020-04-16 10:25:33.536,231.267,0.0048925,0.0527117
2020-04-16 10:25:33.611,231.267,0.0048925,0.0527117
2020-04-16 10:25:33.683,231.267,0.0048925,0.0527117
2020-04-16 10:25:33.775,231.267,0.00527829,0.0521609
2020-04-16 10:25:33.844,231.109,0.0051787,0.0521609
2020-04-16 10:25:33.913,231.109,0.0051787,0.0521609
2020-04-16 10:25:33.987,231.109,0.0051787,0.0521609
2020-04-16 10:25:34.054,231.267,0.0048925,0.0521609
2020-04-16 10:25:34.123,231.267,0.0048925,0.0521609
2020-04-16 10:25:34.223,231.267,0.0048925,0.0521609
2020-04-16 10:25:34.274,231.109,0.0051787,0.0521609
2020-04-16 10:25:34.321,231.109,0.0048925,0.0521609
2020-04-16 10:25:34.383,231.267,0.0048925,0.0521609
2020-04-16 10:25:34.455,231.267,0.0048925,0.0521609
2020-04-16 10:25:34.523,231.315,0.0048925,0.0521609
2020-04-16 10:25:34.597,231.315,0.0048925,0.0521609
2020-04-16 10:25:34.657,231.315,0.0051787,0.0521609
2020-04-16 10:25:34.734,231.315,0.0051787,0.0521609
2020-04-16 10:25:34.817,231.315,0.00527829,0.0531976
2020-04-16 10:25:34.886,231.315,0.00527829,0.0531976
2020-04-16 10:25:34.955,231.315,0.00527829,0.0531976
2020-04-16 10:25:35.027,231.315,0.00527829,0.0531976
2020-04-16 10:25:35.095,231.315,0.00527829,0.0531976
2020-04-16 10:25:35.167,231.315,0.00527829,0.0531976
2020-04-16 10:25:35.239,231.315,0.00527829,0.0531976
2020-04-16 10:25:35.320,231.315,0.00527829,0.0531976
2020-04-16 10:25:35.399,231.315,0.00527829,0.0531976
2020-04-16 10:25:35.477,231.235,0.00527829,0.0531976
2020-04-16 10:25:35.553,231.235,0.00527829,0.0531976
2020-04-16 10:25:35.632,231.235,0.0048925,0.0531976
2020-04-16 10:25:35.702,231.235,0.0048925,0.0531976
2020-04-16 10:25:35.787,231.235,0.0048925,0.0548823
2020-04-16 10:25:35.855,231.235,0.00527829,0.0548823
2020-04-16 10:25:35.925,231.235,0.00527829,0.0548823
2020-04-16 10:25:35.997,231.235,0.00527829,0.0548823
2020-04-16 10:25:36.076,231.235,0.00527829,0.0548823
2020-04-16 10:25:36.145,230.691,0.00527829,0.0548823
2020-04-16 10:25:36.216,230.691,0.00527829,0.0548823
2020-04-16 10:25:36.286,230.691,0.00527829,0.0548823
2020-04-16 10:25:36.361,230.691,0.00527829,0.0548823
2020-04-16 10:25:36.436,230.691,0.00527829,0.0548823
2020-04-16 10:25:36.497,230.691,0.00527829,0.0548823
2020-04-16 10:25:36.576,230.691,0.00527829,0.0548823
2020-04-16 10:25:36.652,230.691,0.00527829,0.0548823
2020-04-16 10:25:36.717,231.335,0.0048925,0.0548823
2020-04-16 10:25:36.803,230.903,0.0051787,0.0554331
2020-04-16 10:25:36.882,230.903,0.0051787,0.0554331
2020-04-16 10:25:36.947,231.335,0.0048925,0.0554331
2020-04-16 10:25:37.025,230.903,0.0048925,0.0535974
2020-04-16 10:25:37.100,230.903,0.0051787,0.0554331
2020-04-16 10:25:37.176,231.335,0.0051787,0.0554331
2020-04-16 10:25:37.260,231.335,0.0051787,0.0554331
2020-04-16 10:25:37.337,231.335,0.0048925,0.0535974
2020-04-16 10:25:37.423,230.903,0.0051787,0.0554331
2020-04-16 10:25:37.502,231.355,0.0051787,0.0554331
2020-04-16 10:25:37.582,231.355,0.00499035,0.0554331
2020-04-16 10:25:37.672,231.355,0.0051787,0.0554331
2020-04-16 10:25:37.744,230.903,0.0051787,0.0554331
2020-04-16 10:25:37.830,231.355,0.00527829,0.0509622
2020-04-16 10:25:37.907,231.237,0.00499035,0.0539168
2020-04-16 10:25:37.984,231.237,0.00527829,0.0509622
2020-04-16 10:25:38.064,231.237,0.00527829,0.0509622
2020-04-16 10:25:38.143,231.237,0.00527829,0.0509622
2020-04-16 10:25:38.223,231.237,0.00527829,0.0509622
2020-04-16 10:25:38.292,231.237,0.00527829,0.0509622
2020-04-16 10:25:38.363,231.237,0.00527829,0.0509622
2020-04-16 10:25:38.443,231.237,0.00527829,0.0509622
2020-04-16 10:25:38.516,231.449,0.00527829,0.0509622
2020-04-16 10:25:38.592,231.237,0.00527829,0.0509622
2020-04-16 10:25:38.664,231.237,0.00527829,0.0509622
2020-04-16 10:25:38.732,231.237,0.00527829,0.0509622
2020-04-16 10:25:38.798,231.332,0.00527829,0.0509622
2020-04-16 10:25:38.876,231.332,0.00527829,0.0509622
2020-04-16 10:25:38.945,231.332,0.00527829,0.0509622
2020-04-16 10:25:39.020,231.332,0.00527829,0.0509622
2020-04-16 10:25:39.088,231.332,0.00527829,0.0509622
2020-04-16 10:25:39.158,231.332,0.00527829,0.0509622
2020-04-16 10:25:39.232,231.332,0.00527829,0.0509622
2020-04-16 10:25:39.308,231.332,0.00527829,0.0509622
2020-04-16 10:25:39.377,231.332,0.00527829,0.0509622
2020-04-16 10:25:39.448,231.332,0.00527829,0.0509622
2020-04-16 10:25:39.518,231.332,0.00527829,0.0509622
2020-04-16 10:25:39.589,231.332,0.00527829,0.0509622
2020-04-16 10:25:39.659,231.332,0.00499035,0.052192
2020-04-16 10:25:39.731,231.332,0.00527829,0.052192
2020-04-16 10:25:39.810,231.438,0.0051787,0.0507354
2020-04-16 10:25:39.887,231.438,0.0051787,0.0507354
2020-04-16 10:25:39.960,231.438,0.0051787,0.0507354
2020-04-16 10:25:40.038,231.438,0.0051787,0.0507354
2020-04-16 10:25:40.112,231.438,0.0051787,0.0507354
2020-04-16 10:25:40.188,231.438,0.0051787,0.0507354
2020-04-16 10:25:40.262,231.438,0.0051787,0.0507354
2020-04-16 10:25:40.338,231.438,0.0051787,0.0507354
2020-04-16 10:25:40.405,231.438,0.0051787,0.0507354
2020-04-16 10:25:40.476,231.425,0.0051787,0.0507354
2020-04-16 10:25:40.548,231.089,0.0051787,0.0507354
2020-04-16 10:25:40.623,231.089,0.0051787,0.0507354
2020-04-16 10:25:40.697,231.089,0.0051787,0.0507354
2020-04-16 10:25:40.784,231.425,0.00527829,0.053554
2020-04-16 10:25:40.858,231.425,0.00527829,0.053554
2020-04-16 10:25:40.951,231.425,0.00499035,0.053554
2020-04-16 10:25:41.032,231.425,0.00527829,0.053554
2020-04-16 10:25:41.110,231.425,0.00527829,0.053554
2020-04-16 10:25:41.197,231.425,0.00527829,0.053554
2020-04-16 10:25:41.281,231.425,0.00499035,0.053554
2020-04-16 10:25:41.361,231.425,0.00499035,0.053554
2020-04-16 10:25:41.438,231.425,0.00499035,0.053554
2020-04-16 10:25:41.519,231.484,0.00499035,0.053554
2020-04-16 10:25:41.602,231.484,0.00499035,0.053554
2020-04-16 10:25:41.673,231.484,0.00499035,0.053554
2020-04-16 10:25:41.757,231.484,0.00499035,0.0501522
2020-04-16 10:25:41.844,231.484,0.00499035,0.0501522
2020-04-16 10:25:41.932,230.975,0.00527829,0.0501522
2020-04-16 10:25:42.015,230.975,0.00527829,0.0501522
2020-04-16 10:25:42.086,230.975,0.00527829,0.0501522
2020-04-16 10:25:42.159,230.975,0.00527829,0.0501522
2020-04-16 10:25:42.235,230.975,0.00527829,0.0501522
2020-04-16 10:25:42.306,230.975,0.00527829,0.0501522
2020-04-16 10:25:42.376,230.975,0.00527829,0.0501522
2020-04-16 10:25:42.455,230.975,0.00527829,0.0501522
2020-04-16 10:25:42.553,230.975,0.00527829,0.0501522
2020-04-16 10:25:42.628,231.636,0.00499035,0.0508824
2020-04-16 10:25:42.722,230.975,0.00499035,0.0508824
2020-04-16 10:25:42.808,231.636,0.00499035,0.0495366
2020-04-16 10:25:42.888,231.636,0.00499035,0.0495366
2020-04-16 10:25:42.979,231.636,0.00527829,0.0495366
2020-04-16 10:25:43.060,231.368,0.00527829,0.0495366
2020-04-16 10:25:43.140,231.368,0.00527829,0.0495366
2020-04-16 10:25:43.215,231.368,0.00527829,0.0508824
2020-04-16 10:25:43.297,231.368,0.00527829,0.0495366
2020-04-16 10:25:43.375,231.636,0.00499035,0.0495366
2020-04-16 10:25:43.456,231.636,0.00527829,0.0495366
2020-04-16 10:25:43.602,231.368,0.00527829,0.0495366
2020-04-16 10:25:43.680,231.368,0.00499035,0.0527989
2020-04-16 10:25:43.755,231.368,0.00527829,0.0527989
2020-04-16 10:25:43.838,231.544,0.00537788,0.0491479
2020-04-16 10:25:43.913,231.6,0.00537788,0.0491479
2020-04-16 10:25:44.000,231.6,0.00499035,0.0527989
2020-04-16 10:25:44.040,231.6,0.00499035,0.0491479
2020-04-16 10:25:44.103,231.6,0.00499035,0.0491479
2020-04-16 10:25:44.176,231.6,0.00499035,0.0491479
2020-04-16 10:25:44.249,231.6,0.00499035,0.0491479
2020-04-16 10:25:44.321,231.6,0.00499035,0.0491479
2020-04-16 10:25:44.388,231.6,0.00537788,0.0491479
2020-04-16 10:25:44.463,231.582,0.00537788,0.0491479
2020-04-16 10:25:44.543,231.544,0.00537788,0.0491479
2020-04-16 10:25:44.620,231.544,0.00537788,0.0491479
2020-04-16 10:25:44.691,231.544,0.00537788,0.0491479
2020-04-16 10:25:44.771,231.544,0.00527829,0.0505086
2020-04-16 10:25:44.852,231.385,0.00527829,0.0505086
2020-04-16 10:25:44.922,231.385,0.00527829,0.0505086
2020-04-16 10:25:45.006,231.385,0.00527829,0.0505086
2020-04-16 10:25:45.087,231.385,0.00527829,0.0505086
2020-04-16 10:25:45.164,231.385,0.00527829,0.0505086
2020-04-16 10:25:45.239,231.385,0.00527829,0.0505086
2020-04-16 10:25:45.310,231.385,0.00527829,0.0505086
2020-04-16 10:25:45.382,231.385,0.00527829,0.0505086
2020-04-16 10:25:45.466,231.385,0.00527829,0.0505086
2020-04-16 10:25:45.568,231.385,0.00499035,0.0505086
2020-04-16 10:25:45.634,231.385,0.00527829,0.0512657
2020-04-16 10:25:45.706,231.365,0.00499035,0.0505086
2020-04-16 10:25:45.790,231.365,0.00499035,0.0512657
2020-04-16 10:25:45.870,231.365,0.00499035,0.0526793
2020-04-16 10:25:45.951,231.365,0.00499035,0.0512657
2020-04-16 10:25:46.033,231.074,0.00499035,0.0526793
2020-04-16 10:25:46.121,231.365,0.00527829,0.0526793
2020-04-16 10:25:46.199,231.074,0.00527829,0.0526793
2020-04-16 10:25:46.277,231.074,0.00527829,0.0526793
2020-04-16 10:25:46.350,231.365,0.00527829,0.0526793
2020-04-16 10:25:46.429,231.074,0.00527829,0.0526793
2020-04-16 10:25:46.511,231.074,0.00527829,0.0526793
2020-04-16 10:25:46.596,231.074,0.00527829,0.0526793
2020-04-16 10:25:46.677,231.074,0.00527829,0.0526793
2020-04-16 10:25:46.752,231.074,0.00527829,0.0525821
2020-04-16 10:25:46.832,230.99,0.00527829,0.0525821
2020-04-16 10:25:46.906,230.99,0.00527829,0.0525821
2020-04-16 10:25:46.976,230.99,0.00527829,0.0525821
2020-04-16 10:25:47.056,230.99,0.00527829,0.0525821
2020-04-16 10:25:47.138,230.99,0.00527829,0.0525821
2020-04-16 10:25:47.217,230.99,0.00527829,0.0525821
2020-04-16 10:25:47.298,230.99,0.00527829,0.0532461
2020-04-16 10:25:47.376,230.99,0.00527829,0.0525821
2020-04-16 10:25:47.456,230.99,0.00527829,0.0525821
2020-04-16 10:25:47.536,230.99,0.00527829,0.0525821
2020-04-16 10:25:47.613,230.99,0.00527829,0.0526711
2020-04-16 10:25:47.683,231.286,0.0048925,0.0525821
2020-04-16 10:25:47.767,231.286,0.0048925,0.0525497
2020-04-16 10:25:47.877,231.286,0.0048925,0.0526711
2020-04-16 10:25:47.958,231.015,0.00527829,0.0525497
2020-04-16 10:25:48.036,231.015,0.00527829,0.0525497
2020-04-16 10:25:48.115,231.015,0.00527829,0.0525497
2020-04-16 10:25:48.215,231.015,0.00527829,0.0525497
2020-04-16 10:25:48.296,231.015,0.00527829,0.0525497
2020-04-16 10:25:48.374,231.015,0.00527829,0.0525497
2020-04-16 10:25:48.456,231.015,0.00527829,0.0525497
2020-04-16 10:25:48.591,231.015,0.00527829,0.0525497
2020-04-16 10:25:48.672,231.015,0.00527829,0.0525497
2020-04-16 10:25:48.734,231.015,0.00527829,0.0513833
2020-04-16 10:25:48.814,231.333,0.00527829,0.0513833
2020-04-16 10:25:48.905,231.333,0.00527829,0.0513833
2020-04-16 10:25:48.982,231.333,0.00527829,0.0513833
2020-04-16 10:25:49.058,231.333,0.00527829,0.0513833
2020-04-16 10:25:49.133,231.333,0.00527829,0.0513833
2020-04-16 10:25:49.214,231.333,0.00527829,0.0513833
2020-04-16 10:25:49.294,231.333,0.00527829,0.0513833
2020-04-16 10:25:49.374,231.333,0.00527829,0.0513833
2020-04-16 10:25:49.460,231.138,0.00527829,0.0513833
2020-04-16 10:25:49.539,231.333,0.00527829,0.0513833
2020-04-16 10:25:49.609,231.333,0.00527829,0.0513833
2020-04-16 10:25:49.679,231.333,0.00527829,0.0513833
2020-04-16 10:25:49.773,231.333,0.00527829,0.050379
2020-04-16 10:25:49.858,231.399,0.00527829,0.050379
2020-04-16 10:25:49.936,231.399,0.00527829,0.050379
2020-04-16 10:25:50.015,231.399,0.00527829,0.050379
2020-04-16 10:25:50.118,231.399,0.00527829,0.0536294
2020-04-16 10:25:50.177,231.138,0.0048925,0.050379
2020-04-16 10:25:50.243,231.138,0.0048925,0.050379
2020-04-16 10:25:50.330,231.138,0.00527829,0.050379
2020-04-16 10:25:50.420,231.138,0.0048925,0.050379
2020-04-16 10:25:50.511,231.244,0.0048925,0.050379
2020-04-16 10:25:50.602,231.244,0.0048925,0.050379
2020-04-16 10:25:50.676,231.399,0.00527829,0.050379
2020-04-16 10:25:50.751,231.399,0.00527829,0.0509298
2020-04-16 10:25:50.831,231.364,0.00527829,0.0509298
2020-04-16 10:25:50.911,231.364,0.00527829,0.0509298
2020-04-16 10:25:50.990,231.364,0.00527829,0.0509298
2020-04-16 10:25:51.072,231.364,0.00527829,0.0509298
2020-04-16 10:25:51.154,231.364,0.00527829,0.0509298
2020-04-16 10:25:51.239,231.364,0.00527829,0.0509298
2020-04-16 10:25:51.318,231.364,0.00527829,0.0509298
2020-04-16 10:25:51.401,231.364,0.00527829,0.0509298
2020-04-16 10:25:51.480,231.306,0.0048925,0.0509298
2020-04-16 10:25:51.561,231.306,0.0048925,0.0509298
2020-04-16 10:25:51.636,231.306,0.0048925,0.0509298
2020-04-16 10:25:51.711,231.306,0.0048925,0.0509298
2020-04-16 10:25:51.789,231.306,0.0048925,0.0494719
2020-04-16 10:25:51.870,231.306,0.0048925,0.0494719
2020-04-16 10:25:51.952,231.306,0.0048925,0.0494719
2020-04-16 10:25:52.031,231.306,0.0048925,0.0494719
2020-04-16 10:25:52.114,231.306,0.0048925,0.0494719
2020-04-16 10:25:52.188,231.306,0.00527829,0.0494719
2020-04-16 10:25:52.269,231.306,0.00527829,0.0494719
2020-04-16 10:25:52.348,231.306,0.00527829,0.0494719
2020-04-16 10:25:52.435,231.306,0.00527829,0.0494719
2020-04-16 10:25:52.506,231.207,0.00527829,0.0494719
2020-04-16 10:25:52.586,231.147,0.00527829,0.0494719
2020-04-16 10:25:52.657,231.147,0.00527829,0.0494719
2020-04-16 10:25:52.741,231.147,0.00527829,0.0536836
2020-04-16 10:25:52.819,231.022,0.00527829,0.0536836
2020-04-16 10:25:52.901,231.022,0.00527829,0.0536836
2020-04-16 10:25:52.979,231.022,0.00527829,0.0536836
2020-04-16 10:25:53.077,231.022,0.00527829,0.0536836
2020-04-16 10:25:53.161,231.022,0.00527829,0.0536836
2020-04-16 10:25:53.231,231.022,0.00527829,0.0536836
2020-04-16 10:25:53.302,231.022,0.00527829,0.0536836
2020-04-16 10:25:53.377,231.022,0.00527829,0.0536836
2020-04-16 10:25:53.456,231.229,0.00527829,0.0536836
2020-04-16 10:25:53.583,231.229,0.00527829,0.0536836
2020-04-16 10:25:53.642,231.229,0.00527829,0.0536836
2020-04-16 10:25:53.713,231.229,0.00527829,0.0536836
2020-04-16 10:25:53.784,231.229,0.0051787,0.0525173
2020-04-16 10:25:53.880,231.229,0.0048925,0.0525173
2020-04-16 10:25:53.960,231.229,0.0048925,0.0525173
2020-04-16 10:25:54.037,231.229,0.0051787,0.0525173
2020-04-16 10:25:54.121,231.229,0.0048925,0.0525173
2020-04-16 10:25:54.201,231.229,0.0048925,0.0525173
2020-04-16 10:25:54.271,231.229,0.0048925,0.0525173
2020-04-16 10:25:54.341,231.229,0.0048925,0.0525173
2020-04-16 10:25:54.412,231.229,0.0048925,0.0525173
2020-04-16 10:25:54.491,231.26,0.0048925,0.0525173
2020-04-16 10:25:54.582,231.26,0.0048925,0.0525173
2020-04-16 10:25:54.679,231.192,0.0051787,0.0525173
2020-04-16 10:25:54.768,231.192,0.00527829,0.050703
2020-04-16 10:25:54.853,231.426,0.00527829,0.050703
2020-04-16 10:25:54.936,231.426,0.00527829,0.050703
2020-04-16 10:25:55.017,231.426,0.00527829,0.050703
2020-04-16 10:25:55.108,231.426,0.00527829,0.050703
2020-04-16 10:25:55.187,231.426,0.00527829,0.050703
2020-04-16 10:25:55.273,231.426,0.00527829,0.050703
2020-04-16 10:25:55.363,231.426,0.00527829,0.050703
2020-04-16 10:25:55.447,231.426,0.00527829,0.050703
2020-04-16 10:25:55.531,231.426,0.00527829,0.050703
2020-04-16 10:25:55.625,231.426,0.00527829,0.050703
2020-04-16 10:25:55.697,231.426,0.00527829,0.050703
2020-04-16 10:25:55.789,231.498,0.00527829,0.0505086
2020-04-16 10:25:55.877,231.498,0.00527829,0.0505086
2020-04-16 10:25:55.955,231.498,0.00527829,0.0505086
2020-04-16 10:25:56.025,231.498,0.00527829,0.0505086
2020-04-16 10:25:56.100,231.498,0.00527829,0.0505086
2020-04-16 10:25:56.189,231.498,0.00527829,0.0505086
2020-04-16 10:25:56.263,231.284,0.00527829,0.0505086
2020-04-16 10:25:56.340,231.498,0.00527829,0.0505086
2020-04-16 10:25:56.423,231.284,0.00527829,0.0505086
2020-04-16 10:25:56.505,231.498,0.00527829,0.0505086
2020-04-16 10:25:56.576,231.498,0.00527829,0.0505086
2020-04-16 10:25:56.653,231.498,0.00527829,0.0505086
2020-04-16 10:25:56.734,231.498,0.00527829,0.0531328
2020-04-16 10:25:56.817,231.271,0.00527829,0.0531328
2020-04-16 10:25:56.896,231.271,0.00527829,0.0531328
2020-04-16 10:25:56.975,231.172,0.00527829,0.0531328
2020-04-16 10:25:57.051,231.172,0.00527829,0.0531328
2020-04-16 10:25:57.131,231.172,0.00527829,0.0531328
2020-04-16 10:25:57.212,231.172,0.00527829,0.0531328
2020-04-16 10:25:57.290,231.271,0.00527829,0.0531328
2020-04-16 10:25:57.373,231.172,0.00527829,0.0531328
2020-04-16 10:25:57.453,230.712,0.00527829,0.0531328
2020-04-16 10:25:57.529,230.712,0.00527829,0.0531328
2020-04-16 10:25:57.616,230.712,0.00527829,0.0531328
2020-04-16 10:25:57.694,230.712,0.00527829,0.0531328
2020-04-16 10:25:57.773,230.712,0.00527829,0.0542992
2020-04-16 10:25:57.849,230.712,0.00527829,0.0542992
2020-04-16 10:25:57.950,230.819,0.00527829,0.0542992
2020-04-16 10:25:58.023,230.819,0.00527829,0.0542992
2020-04-16 10:25:58.095,230.712,0.0048925,0.0531183
2020-04-16 10:25:58.192,230.819,0.0048925,0.0542992
2020-04-16 10:25:58.272,230.712,0.0048925,0.0542992
2020-04-16 10:25:58.346,230.712,0.0048925,0.0542992
2020-04-16 10:25:58.430,230.712,0.0048925,0.0542992
2020-04-16 10:25:58.516,231.112,0.00527829,0.0542992
2020-04-16 10:25:58.594,231.112,0.00527829,0.0542992
2020-04-16 10:25:58.694,231.112,0.00527829,0.0542992
2020-04-16 10:25:58.780,231.112,0.00527829,0.0505086
2020-04-16 10:25:58.867,231.112,0.00527829,0.0505086
2020-04-16 10:25:58.947,231.112,0.00527829,0.0505086
2020-04-16 10:25:59.029,231.112,0.00527829,0.0505086
2020-04-16 10:25:59.117,231.112,0.00527829,0.0505086
2020-04-16 10:25:59.199,231.112,0.00527829,0.0505086
2020-04-16 10:25:59.276,231.112,0.00527829,0.0505086
2020-04-16 10:25:59.356,230.989,0.00527829,0.0505086
2020-04-16 10:25:59.437,230.989,0.00527829,0.0505086
2020-04-16 10:25:59.516,230.989,0.00527829,0.0505086
2020-04-16 10:25:59.590,230.989,0.00527829,0.0505086
2020-04-16 10:25:59.662,230.989,0.00527829,0.0505086
2020-04-16 10:25:59.743,230.989,0.00527829,0.0517721
2020-04-16 10:25:59.825,231.209,0.00527829,0.0517721
2020-04-16 10:25:59.905,231.209,0.00527829,0.0517721
2020-04-16 10:25:59.997,231.209,0.00527829,0.0517721
2020-04-16 10:26:00.079,231.209,0.00527829,0.0517721
2020-04-16 10:26:00.157,231.209,0.00527829,0.0517721
2020-04-16 10:26:00.239,231.209,0.00527829,0.0517721
2020-04-16 10:26:00.323,231.209,0.00527829,0.0517721
2020-04-16 10:26:00.431,231.209,0.00527829,0.0517721
2020-04-16 10:26:00.514,231.209,0.00527829,0.0517721
2020-04-16 10:26:00.594,231.209,0.00527829,0.0517721
2020-04-16 10:26:00.681,231.209,0.00527829,0.0517721
2020-04-16 10:26:00.763,231.195,0.0051787,0.0517397
2020-04-16 10:26:00.844,231.195,0.0051787,0.0517397
2020-04-16 10:26:00.926,231.195,0.0051787,0.0517397
2020-04-16 10:26:01.014,231.195,0.0051787,0.0517397
2020-04-16 10:26:01.115,231.195,0.0051787,0.0517397
2020-04-16 10:26:01.199,231.195,0.0051787,0.0517397
2020-04-16 10:26:01.282,231.195,0.0051787,0.0517397
2020-04-16 10:26:01.357,231.195,0.0051787,0.0517397
2020-04-16 10:26:01.443,231.195,0.0051787,0.0517397
2020-04-16 10:26:01.529,230.878,0.0051787,0.0517397
2020-04-16 10:26:01.613,230.878,0.0051787,0.0517397
2020-04-16 10:26:01.686,231.195,0.0051787,0.0517397
2020-04-16 10:26:01.766,231.072,0.00527829,0.0518693
2020-04-16 10:26:01.855,231.072,0.00527829,0.0518693
2020-04-16 10:26:01.940,231.072,0.00527829,0.0518693
2020-04-16 10:26:02.011,231.072,0.00527829,0.0518693
2020-04-16 10:26:02.098,231.072,0.00527829,0.0518693
2020-04-16 10:26:02.198,231.072,0.00527829,0.0518693
2020-04-16 10:26:02.282,231.072,0.00527829,0.0518693
2020-04-16 10:26:02.354,231.072,0.00527829,0.0518693
2020-04-16 10:26:02.422,231.072,0.00527829,0.0518693
2020-04-16 10:26:02.505,231.072,0.00527829,0.0518693
2020-04-16 10:26:02.597,231.072,0.00527829,0.0518693
2020-04-16 10:26:02.683,231.072,0.00527829,0.0518693
2020-04-16 10:26:02.762,230.629,0.00527829,0.0548175
2020-04-16 10:26:02.845,230.629,0.00527829,0.0548175
2020-04-16 10:26:02.937,230.629,0.00527829,0.0548175
2020-04-16 10:26:03.021,230.629,0.00527829,0.0548175
2020-04-16 10:26:03.116,230.629,0.00527829,0.0548175
2020-04-16 10:26:03.202,230.629,0.00527829,0.0548175
2020-04-16 10:26:03.288,230.629,0.00527829,0.0548175
2020-04-16 10:26:03.377,230.629,0.00527829,0.0548175
2020-04-16 10:26:03.467,231.003,0.00527829,0.0548175
2020-04-16 10:26:03.557,231.003,0.00499035,0.0548175
2020-04-16 10:26:03.641,231.003,0.00499035,0.0548175
2020-04-16 10:26:03.733,231.003,0.00499035,0.0514157
2020-04-16 10:26:03.810,230.765,0.00527829,0.0514157
2020-04-16 10:26:03.891,230.765,0.00527829,0.0514157
2020-04-16 10:26:03.974,230.765,0.00527829,0.0514157
2020-04-16 10:26:04.060,230.765,0.00527829,0.0514157
2020-04-16 10:26:04.140,230.765,0.00527829,0.0514157
2020-04-16 10:26:04.230,230.765,0.00527829,0.0514157
2020-04-16 10:26:04.309,230.765,0.00527829,0.0514157
2020-04-16 10:26:04.397,230.765,0.00527829,0.0514157
2020-04-16 10:26:04.480,230.765,0.00527829,0.0514157
2020-04-16 10:26:04.572,230.765,0.00499035,0.0514157
2020-04-16 10:26:04.656,230.765,0.00527829,0.0514157
2020-04-16 10:26:04.748,230.765,0.00527829,0.0549795
2020-04-16 10:26:04.839,231.01,0.00527829,0.0549795
2020-04-16 10:26:04.930,231.01,0.00499035,0.0516171
2020-04-16 10:26:05.019,231.01,0.00527829,0.0549795
2020-04-16 10:26:05.103,231.01,0.00527829,0.0549795
2020-04-16 10:26:05.172,231.01,0.00527829,0.0549795
2020-04-16 10:26:05.260,231.01,0.00527829,0.0549795
2020-04-16 10:26:05.346,231.01,0.00527829,0.0549795
2020-04-16 10:26:05.427,231.261,0.00499035,0.0549795
2020-04-16 10:26:05.507,231.279,0.00499035,0.0549795
2020-04-16 10:26:05.586,231.279,0.00527829,0.0549795
2020-04-16 10:26:05.669,231.279,0.00527829,0.0549795
2020-04-16 10:26:05.757,231.279,0.00527829,0.0512861
2020-04-16 10:26:05.838,231.279,0.00527829,0.0512861
2020-04-16 10:26:05.917,231.279,0.00527829,0.0512861
2020-04-16 10:26:05.997,231.279,0.00527829,0.0512861
2020-04-16 10:26:06.065,231.279,0.00527829,0.0512861
2020-04-16 10:26:06.149,231.313,0.00527829,0.0512861
2020-04-16 10:26:06.234,231.313,0.00527829,0.0512861
2020-04-16 10:26:06.333,231.313,0.00527829,0.0512861
2020-04-16 10:26:06.417,231.313,0.00527829,0.0512861
2020-04-16 10:26:06.509,231.316,0.00527829,0.0512861
2020-04-16 10:26:06.612,231.316,0.00499035,0.0512861
2020-04-16 10:26:06.670,231.316,0.00527829,0.0512861
2020-04-16 10:26:06.746,231.316,0.00527829,0.0516101
2020-04-16 10:26:06.830,231.316,0.00527829,0.0516101
2020-04-16 10:26:06.911,231.316,0.00499035,0.0516101
2020-04-16 10:26:06.990,231.316,0.00527829,0.0516101
2020-04-16 10:26:07.071,231.316,0.00527829,0.0516101
2020-04-16 10:26:07.161,231.292,0.00527829,0.0516101
2020-04-16 10:26:07.248,231.316,0.00527829,0.0516101
2020-04-16 10:26:07.337,231.292,0.00527829,0.0516101
2020-04-16 10:26:07.424,231.292,0.00527829,0.0516101
2020-04-16 10:26:07.514,231.259,0.00527829,0.0516101
2020-04-16 10:26:07.598,231.259,0.00527829,0.0516101
2020-04-16 10:26:07.677,231.259,0.00527829,0.0516101
2020-04-16 10:26:07.763,231.259,0.0051787,0.049893
2020-04-16 10:26:07.844,231.259,0.0051787,0.049893
2020-04-16 10:26:07.924,231.259,0.0051787,0.049893
2020-04-16 10:26:08.013,230.972,0.0051787,0.049893
2020-04-16 10:26:08.097,231.259,0.0051787,0.049893
2020-04-16 10:26:08.198,231.259,0.0051787,0.049893
2020-04-16 10:26:08.285,231.259,0.0051787,0.049893
2020-04-16 10:26:08.377,231.259,0.0051787,0.049893
2020-04-16 10:26:08.466,231.226,0.0051787,0.049893
2020-04-16 10:26:08.564,231.226,0.0048925,0.049893
2020-04-16 10:26:08.657,231.226,0.0048925,0.049893
2020-04-16 10:26:08.749,230.972,0.00527829,0.0522257
2020-04-16 10:26:08.818,230.773,0.00527829,0.0522257
2020-04-16 10:26:08.907,230.773,0.00527829,0.0522257
2020-04-16 10:26:09.005,230.773,0.00527829,0.0522257
2020-04-16 10:26:09.089,230.773,0.00527829,0.0522257
2020-04-16 10:26:09.171,230.773,0.00527829,0.0522257
2020-04-16 10:26:09.257,230.773,0.00527829,0.0522257
2020-04-16 10:26:09.341,230.773,0.00527829,0.0522257
2020-04-16 10:26:09.431,230.773,0.00527829,0.0522257
2020-04-16 10:26:09.529,230.773,0.00527829,0.0522257
2020-04-16 10:26:09.631,230.773,0.00527829,0.0522257
2020-04-16 10:26:09.698,230.773,0.00527829,0.051027
2020-04-16 10:26:09.780,230.732,0.00527829,0.051027
2020-04-16 10:26:09.870,230.732,0.00527829,0.051027
2020-04-16 10:26:09.951,230.732,0.00527829,0.051027
2020-04-16 10:26:10.039,230.732,0.00527829,0.051027
2020-04-16 10:26:10.136,231.346,0.0048925,0.0525753
2020-04-16 10:26:10.242,231.346,0.0048925,0.0525753
2020-04-16 10:26:10.332,231.346,0.0048925,0.0525753
2020-04-16 10:26:10.421,230.732,0.00527829,0.051027
2020-04-16 10:26:10.493,230.732,0.00527829,0.051027
2020-04-16 10:26:10.565,230.732,0.00527829,0.051027
2020-04-16 10:26:10.638,230.732,0.00527829,0.051027
2020-04-16 10:26:10.728,230.732,0.00527829,0.0493747
2020-04-16 10:26:10.809,230.78,0.00527829,0.0493747
2020-04-16 10:26:10.899,230.78,0.00527829,0.0493747
2020-04-16 10:26:10.997,230.78,0.00527829,0.0493747
2020-04-16 10:26:11.083,230.78,0.00527829,0.0493747
2020-04-16 10:26:11.168,230.78,0.00527829,0.0493747
2020-04-16 10:26:11.259,230.78,0.00527829,0.0493747
2020-04-16 10:26:11.353,230.78,0.00527829,0.0493747
2020-04-16 10:26:11.452,230.78,0.00527829,0.0493747
2020-04-16 10:26:11.540,230.78,0.00527829,0.0493747
2020-04-16 10:26:11.610,230.78,0.00527829,0.0493747
2020-04-16 10:26:11.669,230.78,0.00527829,0.0493747
2020-04-16 10:26:11.759,230.932,0.00527829,0.0520961
2020-04-16 10:26:11.850,230.932,0.00527829,0.0520961
2020-04-16 10:26:11.938,230.932,0.00527829,0.0520961
2020-04-16 10:26:12.050,231.143,0.00527829,0.0520961
2020-04-16 10:26:12.147,230.932,0.00527829,0.0520961
2020-04-16 10:26:12.246,230.932,0.00527829,0.0520961
2020-04-16 10:26:12.339,230.932,0.00527829,0.0520961
2020-04-16 10:26:12.431,230.932,0.00527829,0.0520961
2020-04-16 10:26:12.530,230.932,0.00527829,0.0520961
2020-04-16 10:26:12.617,230.932,0.00527829,0.0520961
2020-04-16 10:26:12.713,230.932,0.00527829,0.0501846
2020-04-16 10:26:12.803,231.189,0.0048925,0.0523837
2020-04-16 10:26:12.885,231.189,0.0048925,0.0523837
2020-04-16 10:26:12.980,231.189,0.0048925,0.0523837
2020-04-16 10:26:13.085,231.189,0.0048925,0.0501846
2020-04-16 10:26:13.178,231.164,0.00527829,0.0501846
2020-04-16 10:26:13.265,231.164,0.00527829,0.0501846
2020-04-16 10:26:13.360,231.164,0.00527829,0.0501846
2020-04-16 10:26:13.446,231.164,0.00527829,0.0501846
2020-04-16 10:26:13.532,231.164,0.00527829,0.0501846
2020-04-16 10:26:13.625,231.164,0.00527829,0.0501846
2020-04-16 10:26:13.703,231.164,0.00527829,0.0529385
2020-04-16 10:26:13.798,231.178,0.0048925,0.0529385
2020-04-16 10:26:13.889,231.104,0.00527829,0.0529385
2020-04-16 10:26:13.958,231.104,0.00527829,0.0529385
2020-04-16 10:26:14.036,231.104,0.00527829,0.0529385
2020-04-16 10:26:14.126,231.104,0.00527829,0.0529385
2020-04-16 10:26:14.215,231.104,0.00527829,0.0529385
2020-04-16 10:26:14.301,231.104,0.00527829,0.0529385
2020-04-16 10:26:14.386,231.104,0.0048925,0.0515532
2020-04-16 10:26:14.472,231.104,0.00527829,0.0529385
2020-04-16 10:26:14.551,231.104,0.00527829,0.0529385
2020-04-16 10:26:14.628,231.104,0.00527829,0.0529385
2020-04-16 10:26:14.715,231.104,0.00527829,0.0545908
2020-04-16 10:26:14.800,230.863,0.0051787,0.0545908
2020-04-16 10:26:14.883,230.863,0.0051787,0.0545908
2020-04-16 10:26:14.975,230.863,0.0051787,0.0545908
2020-04-16 10:26:15.064,231.199,0.0048925,0.0545908
2020-04-16 10:26:15.180,231.199,0.0048925,0.0545908
2020-04-16 10:26:15.265,231.199,0.0048925,0.0545908
2020-04-16 10:26:15.353,231.199,0.0048925,0.0545908
2020-04-16 10:26:15.441,231.199,0.0051787,0.0545908
2020-04-16 10:26:15.531,231.148,0.0048925,0.0545908
2020-04-16 10:26:15.623,231.148,0.0048925,0.0545908
2020-04-16 10:26:15.711,231.148,0.0048925,0.0525497
2020-04-16 10:26:15.801,231.148,0.0048925,0.0525497
2020-04-16 10:26:15.889,231.148,0.0048925,0.0525497
2020-04-16 10:26:15.995,231.148,0.0048925,0.0525497
2020-04-16 10:26:16.090,231.148,0.0048925,0.0525497
2020-04-16 10:26:16.224,231.148,0.00527829,0.0525497
2020-04-16 10:26:16.311,230.661,0.0048925,0.0525497
2020-04-16 10:26:16.402,231.148,0.0048925,0.0517129
2020-04-16 10:26:16.496,230.661,0.00527829,0.0525497
2020-04-16 10:26:16.593,230.661,0.00527829,0.0525497
2020-04-16 10:26:16.681,230.661,0.00527829,0.0525497
2020-04-16 10:26:16.780,230.795,0.00527829,0.0500226
2020-04-16 10:26:16.867,230.795,0.00527829,0.0500226
2020-04-16 10:26:16.956,230.795,0.00527829,0.0500226
2020-04-16 10:26:17.041,230.795,0.00527829,0.0500226
2020-04-16 10:26:17.127,230.795,0.00527829,0.0500226
2020-04-16 10:26:17.217,230.795,0.00527829,0.0500226
2020-04-16 10:26:17.312,230.795,0.00527829,0.0500226
2020-04-16 10:26:17.399,230.795,0.00527829,0.0500226
2020-04-16 10:26:17.486,230.795,0.00527829,0.0500226
2020-04-16 10:26:17.566,230.795,0.00527829,0.0500226
2020-04-16 10:26:17.634,230.795,0.00527829,0.0500226
2020-04-16 10:26:17.726,231.182,0.0048925,0.0533738
2020-04-16 10:26:17.816,230.862,0.00527829,0.0553359
2020-04-16 10:26:17.904,230.862,0.00527829,0.0533738
2020-04-16 10:26:17.980,231.182,0.0048925,0.0533738
2020-04-16 10:26:18.076,230.862,0.00527829,0.0553359
2020-04-16 10:26:18.165,230.862,0.00527829,0.0553359
2020-04-16 10:26:18.253,230.862,0.00527829,0.0553359
2020-04-16 10:26:18.327,230.862,0.00527829,0.0553359
2020-04-16 10:26:18.426,231.182,0.00527829,0.0553359
2020-04-16 10:26:18.533,231.188,0.00527829,0.0531183
2020-04-16 10:26:18.630,231.188,0.0048925,0.0553359
2020-04-16 10:26:18.727,230.862,0.00527829,0.0492127
2020-04-16 10:26:18.815,231.097,0.00527829,0.0492127
2020-04-16 10:26:18.905,231.097,0.00527829,0.0492127
2020-04-16 10:26:18.996,231.097,0.00527829,0.0492127
2020-04-16 10:26:19.086,231.097,0.00527829,0.0492127
2020-04-16 10:26:19.176,231.097,0.00527829,0.0492127
2020-04-16 10:26:19.266,231.097,0.00527829,0.0492127
2020-04-16 10:26:19.353,231.097,0.00527829,0.0492127
2020-04-16 10:26:19.443,231.097,0.00527829,0.0492127
2020-04-16 10:26:19.547,231.097,0.00527829,0.0492127
2020-04-16 10:26:19.633,231.097,0.00527829,0.0492127
2020-04-16 10:26:19.707,231.097,0.00527829,0.0504438
2020-04-16 10:26:19.774,231.566,0.00527829,0.0504438
2020-04-16 10:26:19.863,231.566,0.00527829,0.0504438
2020-04-16 10:26:19.953,231.566,0.00527829,0.0504438
2020-04-16 10:26:20.064,231.566,0.00527829,0.0504438
2020-04-16 10:26:20.162,231.566,0.00527829,0.0504438
2020-04-16 10:26:20.253,231.566,0.00527829,0.0504438
2020-04-16 10:26:20.352,231.566,0.00527829,0.0504438
2020-04-16 10:26:20.456,231.886,0.00527829,0.0504438
2020-04-16 10:26:20.543,231.886,0.00527829,0.0504438
2020-04-16 10:26:20.628,231.886,0.00527829,0.0504438
2020-04-16 10:26:20.712,231.566,0.00527829,0.0530032
2020-04-16 10:26:20.783,231.346,0.00527829,0.0530032
2020-04-16 10:26:20.870,231.346,0.00527829,0.0530032
2020-04-16 10:26:20.961,231.346,0.00527829,0.0530032
2020-04-16 10:26:21.051,231.346,0.00527829,0.0530032
2020-04-16 10:26:21.142,231.346,0.00527829,0.0530032
2020-04-16 10:26:21.232,231.346,0.00527829,0.0530032
2020-04-16 10:26:21.323,231.346,0.00527829,0.0530032
2020-04-16 10:26:21.412,231.346,0.0048925,0.0530032
2020-04-16 10:26:21.502,231.657,0.0048925,0.0530032
2020-04-16 10:26:21.585,231.657,0.0048925,0.0530032
2020-04-16 10:26:21.672,231.657,0.0048925,0.0530032
2020-04-16 10:26:21.761,231.657,0.0048925,0.0522905
2020-04-16 10:26:21.867,231.657,0.0048925,0.0522905
2020-04-16 10:26:21.955,231.657,0.0048925,0.0522905
2020-04-16 10:26:22.043,231.657,0.0048925,0.0522905
2020-04-16 10:26:22.133,231.657,0.0048925,0.0522905
2020-04-16 10:26:22.233,231.657,0.0048925,0.0522905
2020-04-16 10:26:22.322,231.657,0.0048925,0.0522905
2020-04-16 10:26:22.412,231.657,0.0048925,0.0522905
2020-04-16 10:26:22.503,231.703,0.0048925,0.0522905
2020-04-16 10:26:22.614,231.703,0.0048925,0.0522905
2020-04-16 10:26:22.692,231.089,0.00527829,0.0549471
2020-04-16 10:26:22.783,231.174,0.00527829,0.0549471
2020-04-16 10:26:22.872,231.174,0.00527829,0.0549471
2020-04-16 10:26:22.962,231.174,0.00527829,0.0549471
2020-04-16 10:26:23.103,231.174,0.00527829,0.0549471
2020-04-16 10:26:23.193,231.174,0.00527829,0.0549471
2020-04-16 10:26:23.287,231.174,0.00527829,0.0549471
2020-04-16 10:26:23.392,231.174,0.00527829,0.0549471
2020-04-16 10:26:23.483,231.174,0.00527829,0.0549471
2020-04-16 10:26:23.583,231.174,0.00527829,0.0549471
2020-04-16 10:26:23.676,231.174,0.00527829,0.0502436
2020-04-16 10:26:23.790,231.565,0.0048925,0.0490831
2020-04-16 10:26:23.877,231.565,0.0048925,0.0490831
2020-04-16 10:26:23.967,231.565,0.0048925,0.0490831
2020-04-16 10:26:24.083,231.565,0.0048925,0.0490831
2020-04-16 10:26:24.182,231.565,0.0048925,0.0490831
2020-04-16 10:26:24.259,231.565,0.0048925,0.0490831
2020-04-16 10:26:24.345,231.565,0.0048925,0.0490831
2020-04-16 10:26:24.438,231.565,0.0048925,0.0490831
2020-04-16 10:26:24.533,231.367,0.0048925,0.0490831
2020-04-16 10:26:24.622,231.367,0.0048925,0.0490831
2020-04-16 10:26:24.715,231.367,0.0048925,0.0511566
2020-04-16 10:26:24.803,231.367,0.0048925,0.0511566
2020-04-16 10:26:24.900,231.367,0.0048925,0.0511566
2020-04-16 10:26:24.988,231.367,0.0048925,0.0511566
2020-04-16 10:26:25.088,231.367,0.0048925,0.0526072
2020-04-16 10:26:25.180,231.367,0.0048925,0.0526072
2020-04-16 10:26:25.293,231.367,0.0048925,0.0511566
2020-04-16 10:26:25.377,231.367,0.0048925,0.0511566
2020-04-16 10:26:25.465,231.342,0.0048925,0.0511566
2020-04-16 10:26:25.546,231.342,0.00527829,0.0511566
2020-04-16 10:26:25.637,231.342,0.0048925,0.0511566
2020-04-16 10:26:25.722,231.342,0.0048925,0.0498606
2020-04-16 10:26:25.813,231.342,0.0048925,0.0498606
2020-04-16 10:26:25.902,231.342,0.0048925,0.0498606
2020-04-16 10:26:25.994,231.342,0.0048925,0.0498606
2020-04-16 10:26:26.086,231.342,0.0048925,0.0498606
2020-04-16 10:26:26.174,231.342,0.0048925,0.0498606
2020-04-16 10:26:26.273,231.342,0.0048925,0.0498606
2020-04-16 10:26:26.363,231.342,0.0048925,0.0519045
2020-04-16 10:26:26.457,231.342,0.00499035,0.0498606
2020-04-16 10:26:26.553,231.296,0.00499035,0.0498606
2020-04-16 10:26:26.637,231.296,0.00499035,0.0498606
2020-04-16 10:26:26.722,231.296,0.00527829,0.054202
2020-04-16 10:26:26.814,231.296,0.00527829,0.054202
2020-04-16 10:26:26.901,231.296,0.00527829,0.054202
2020-04-16 10:26:26.995,231.296,0.00527829,0.054202
2020-04-16 10:26:27.091,231.296,0.00527829,0.054202
2020-04-16 10:26:27.191,231.296,0.00527829,0.054202
2020-04-16 10:26:27.284,231.296,0.00527829,0.054202
2020-04-16 10:26:27.372,231.296,0.00527829,0.054202
2020-04-16 10:26:27.462,231.277,0.00527829,0.054202
2020-04-16 10:26:27.547,231.277,0.00527829,0.054202
2020-04-16 10:26:27.656,231.277,0.00527829,0.054202
2020-04-16 10:26:27.723,231.196,0.00527829,0.0511566
2020-04-16 10:26:27.810,231.196,0.00527829,0.0511566
2020-04-16 10:26:27.900,231.196,0.00527829,0.0511566
2020-04-16 10:26:27.995,231.196,0.00527829,0.0511566
2020-04-16 10:26:28.097,231.196,0.00527829,0.0511566
2020-04-16 10:26:28.198,231.196,0.00527829,0.0511566
2020-04-16 10:26:28.292,231.196,0.00527829,0.0511566
2020-04-16 10:26:28.380,231.196,0.00527829,0.0511566
2020-04-16 10:26:28.473,231.196,0.00527829,0.0511566
2020-04-16 10:26:28.571,231.333,0.00527829,0.0511566
2020-04-16 10:26:28.661,231.333,0.00527829,0.0511566
2020-04-16 10:26:28.753,231.333,0.0051787,0.0532948
2020-04-16 10:26:28.856,231.333,0.0051787,0.0532948
2020-04-16 10:26:28.952,231.333,0.0051787,0.0532948
2020-04-16 10:26:29.043,231.333,0.00499035,0.0532948
2020-04-16 10:26:29.143,231.333,0.00499035,0.0532948
2020-04-16 10:26:29.254,231.333,0.00499035,0.0532948
2020-04-16 10:26:29.336,231.509,0.0051787,0.0532948
2020-04-16 10:26:29.420,231.509,0.0051787,0.0532948
2020-04-16 10:26:29.512,231.509,0.0051787,0.0532948
2020-04-16 10:26:29.591,231.509,0.0051787,0.0520642
2020-04-16 10:26:29.676,231.509,0.0051787,0.0490183
2020-04-16 10:26:29.783,231.775,0.00499035,0.0490183
2020-04-16 10:26:29.894,231.775,0.00499035,0.0490183
2020-04-16 10:26:30.012,231.775,0.00527829,0.0490183
2020-04-16 10:26:30.096,231.391,0.00527829,0.0490183
2020-04-16 10:26:30.208,231.775,0.00527829,0.0490183
2020-04-16 10:26:30.317,231.775,0.00499035,0.0490183
2020-04-16 10:26:30.405,231.391,0.00499035,0.0490183
2020-04-16 10:26:30.500,231.408,0.00499035,0.0490183
2020-04-16 10:26:30.599,231.408,0.00527829,0.0525114
2020-04-16 10:26:30.696,231.408,0.00499035,0.0515777
2020-04-16 10:26:30.799,231.513,0.00527829,0.0525114
2020-04-16 10:26:30.887,231.408,0.00499035,0.0515777
2020-04-16 10:26:30.977,231.408,0.00499035,0.0515777
2020-04-16 10:26:31.070,231.408,0.00499035,0.0515777
2020-04-16 10:26:31.180,231.408,0.00499035,0.0515777
2020-04-16 10:26:31.276,231.408,0.00499035,0.0515777
2020-04-16 10:26:31.368,231.408,0.00499035,0.0515777
2020-04-16 10:26:31.491,231.248,0.00527829,0.0515777
2020-04-16 10:26:31.609,231.248,0.00527829,0.0515777
2020-04-16 10:26:31.706,231.248,0.00499035,0.0515777
2020-04-16 10:26:31.791,231.248,0.00499035,0.0515777
2020-04-16 10:26:31.909,231.248,0.00499035,0.0515777
2020-04-16 10:26:32.008,231.248,0.00499035,0.052735
2020-04-16 10:26:32.107,231.126,0.0051787,0.0515777
2020-04-16 10:26:32.223,231.126,0.0051787,0.0515777
2020-04-16 10:26:32.349,231.126,0.00499035,0.0515777
2020-04-16 10:26:32.445,231.126,0.0051787,0.0515777
2020-04-16 10:26:32.538,231.126,0.0051787,0.0515777
2020-04-16 10:26:32.627,231.126,0.0051787,0.0515777
2020-04-16 10:26:32.726,231.131,0.0051787,0.0508326
2020-04-16 10:26:32.810,231.236,0.0051787,0.0508326
2020-04-16 10:26:32.899,231.131,0.0051787,0.0508326
2020-04-16 10:26:32.987,231.236,0.0051787,0.0508326
2020-04-16 10:26:33.087,231.236,0.0051787,0.0508326
2020-04-16 10:26:33.193,231.236,0.0051787,0.0508326
2020-04-16 10:26:33.279,231.236,0.0051787,0.0508326
2020-04-16 10:26:33.371,231.236,0.0051787,0.0508326
2020-04-16 10:26:33.486,231.29,0.0051787,0.0508326
2020-04-16 10:26:33.590,231.29,0.0051787,0.0508326
2020-04-16 10:26:33.693,231.29,0.00499035,0.050217
2020-04-16 10:26:33.782,231.29,0.00499035,0.050217
2020-04-16 10:26:33.877,231.29,0.00499035,0.050217
2020-04-16 10:26:33.976,231.29,0.00499035,0.050217
2020-04-16 10:26:34.066,231.29,0.00499035,0.0500839
2020-04-16 10:26:34.146,231.364,0.00527829,0.050217
2020-04-16 10:26:34.247,231.364,0.00527829,0.050217
2020-04-16 10:26:34.338,231.364,0.00527829,0.050217
2020-04-16 10:26:34.428,231.364,0.00527829,0.050217
2020-04-16 10:26:34.518,231.364,0.00527829,0.050217
2020-04-16 10:26:34.603,231.364,0.00527829,0.050217
2020-04-16 10:26:34.698,231.364,0.00527829,0.0524849
2020-04-16 10:26:34.813,231.571,0.00527829,0.0524849
2020-04-16 10:26:34.891,231.571,0.00527829,0.0524849
2020-04-16 10:26:34.983,231.263,0.00527829,0.0524849
2020-04-16 10:26:35.073,231.571,0.00527829,0.0524849
2020-04-16 10:26:35.176,231.263,0.00527829,0.0524849
2020-04-16 10:26:35.280,231.263,0.00527829,0.0524849
2020-04-16 10:26:35.370,231.571,0.00527829,0.0524849
2020-04-16 10:26:35.468,231.571,0.00527829,0.0524849
2020-04-16 10:26:35.567,231.374,0.00527829,0.0524849
2020-04-16 10:26:35.676,231.374,0.00527829,0.0520961
2020-04-16 10:26:35.771,231.374,0.0051787,0.0520961
2020-04-16 10:26:35.870,231.374,0.0051787,0.0520961
2020-04-16 10:26:35.975,231.374,0.00499035,0.0520961
2020-04-16 10:26:36.068,231.374,0.00499035,0.0520961
2020-04-16 10:26:36.157,231.374,0.0051787,0.0520961
2020-04-16 10:26:36.246,231.374,0.0051787,0.0520961
2020-04-16 10:26:36.346,231.374,0.0051787,0.0520961
2020-04-16 10:26:36.448,231.591,0.0051787,0.0520961
2020-04-16 10:26:36.529,231.722,0.0051787,0.0520961
2020-04-16 10:26:36.615,231.722,0.0051787,0.0520961
2020-04-16 10:26:36.701,231.696,0.00527829,0.0545584
2020-04-16 10:26:36.789,231.696,0.00527829,0.0545584
2020-04-16 10:26:36.896,231.696,0.00527829,0.0545584
2020-04-16 10:26:36.967,231.591,0.00527829,0.0545584
2020-04-16 10:26:37.033,231.696,0.00527829,0.0545584
2020-04-16 10:26:37.130,231.696,0.00527829,0.0545584
2020-04-16 10:26:37.227,231.696,0.00527829,0.0545584
2020-04-16 10:26:37.324,231.696,0.00527829,0.0545584
2020-04-16 10:26:37.415,231.696,0.00527829,0.0545584
2020-04-16 10:26:37.511,231.696,0.00527829,0.0545584
2020-04-16 10:26:37.597,231.696,0.00527829,0.0545584
2020-04-16 10:26:37.695,231.696,0.00527829,0.0527441
2020-04-16 10:26:37.784,231.413,0.00527829,0.0527441
2020-04-16 10:26:37.869,231.413,0.00527829,0.0527441
2020-04-16 10:26:37.973,231.413,0.00527829,0.0527441
2020-04-16 10:26:38.071,231.493,0.0048925,0.0527441
2020-04-16 10:26:38.162,231.493,0.0048925,0.0527441
2020-04-16 10:26:38.231,231.493,0.0048925,0.0527441
2020-04-16 10:26:38.317,231.493,0.0048925,0.0527441
2020-04-16 10:26:38.416,231.493,0.0048925,0.0529586
2020-04-16 10:26:38.520,231.413,0.00527829,0.0527441
2020-04-16 10:26:38.591,231.413,0.00527829,0.0527441
2020-04-16 10:26:38.686,231.336,0.0048925,0.0505311
2020-04-16 10:26:38.788,231.336,0.0048925,0.0505311
2020-04-16 10:26:38.886,231.336,0.0048925,0.0505311
2020-04-16 10:26:38.982,231.336,0.0048925,0.0505311
2020-04-16 10:26:39.076,231.336,0.0048925,0.0505311
2020-04-16 10:26:39.175,231.336,0.0048925,0.0527117
2020-04-16 10:26:39.276,231.336,0.0048925,0.0527117
2020-04-16 10:26:39.372,231.336,0.0048925,0.0527117
2020-04-16 10:26:39.462,231.257,0.00527829,0.0527117
2020-04-16 10:26:39.554,231.257,0.0048925,0.0527117
2020-04-16 10:26:39.662,231.257,0.0048925,0.0519989
2020-04-16 10:26:39.767,231.257,0.0048925,0.0520004
2020-04-16 10:26:39.868,231.257,0.0048925,0.0519989
2020-04-16 10:26:39.961,231.257,0.0048925,0.0519989
2020-04-16 10:26:40.062,231.16,0.0051787,0.0519989
2020-04-16 10:26:40.167,231.16,0.0051787,0.0519989
2020-04-16 10:26:40.287,231.257,0.0048925,0.0520004
2020-04-16 10:26:40.373,231.257,0.0048925,0.0519989
2020-04-16 10:26:40.462,231.233,0.0048925,0.0519989
2020-04-16 10:26:40.540,231.233,0.0051787,0.0519989
2020-04-16 10:26:40.620,231.233,0.0051787,0.0519989
2020-04-16 10:26:40.707,231.233,0.0051787,0.0515453
2020-04-16 10:26:40.788,231.233,0.0051787,0.0515453
2020-04-16 10:26:40.879,231.411,0.0051787,0.0515453
2020-04-16 10:26:40.981,231.233,0.0051787,0.0515453
2020-04-16 10:26:41.079,231.233,0.0051787,0.0515453
2020-04-16 10:26:41.191,231.233,0.0048925,0.0515453
2020-04-16 10:26:41.293,231.233,0.0048925,0.0515453
2020-04-16 10:26:41.396,231.233,0.0048925,0.0515453
2020-04-16 10:26:41.510,231.145,0.0048925,0.0515453
2020-04-16 10:26:41.596,231.411,0.0051787,0.0515453
2020-04-16 10:26:41.709,231.525,0.00527829,0.0524849
2020-04-16 10:26:41.808,231.525,0.00527829,0.0524849
2020-04-16 10:26:41.908,231.525,0.00527829,0.0524849
2020-04-16 10:26:42.005,231.525,0.00527829,0.0524849
2020-04-16 10:26:42.101,231.525,0.00527829,0.0524849
2020-04-16 10:26:42.198,231.525,0.00527829,0.0524849
2020-04-16 10:26:42.296,231.525,0.00527829,0.0524849
2020-04-16 10:26:42.405,231.145,0.00527829,0.0524849
2020-04-16 10:26:42.506,231.525,0.00527829,0.0524849
2020-04-16 10:26:42.617,231.525,0.00527829,0.0524849
2020-04-16 10:26:42.715,231.436,0.00527829,0.0553359
2020-04-16 10:26:42.832,231.436,0.00527829,0.0553359
2020-04-16 10:26:42.933,231.436,0.0048925,0.0509463
2020-04-16 10:26:43.032,231.436,0.00527829,0.0553359
2020-04-16 10:26:43.164,231.436,0.00527829,0.0553359
2020-04-16 10:26:43.249,231.192,0.0048925,0.0553359
2020-04-16 10:26:43.345,231.192,0.0048925,0.0553359
2020-04-16 10:26:43.449,231.436,0.00527829,0.0523837
2020-04-16 10:26:43.550,231.309,0.00527829,0.0553359
2020-04-16 10:26:43.656,231.436,0.00527829,0.0520637
2020-04-16 10:26:43.806,231.345,0.0051787,0.0520637
2020-04-16 10:26:43.901,231.345,0.0051787,0.0520637
2020-04-16 10:26:43.973,231.345,0.0051787,0.0520637
2020-04-16 10:26:44.067,231.345,0.0051787,0.0520637
2020-04-16 10:26:44.174,231.345,0.0051787,0.0520637
2020-04-16 10:26:44.270,231.345,0.0051787,0.0520637
2020-04-16 10:26:44.364,231.345,0.0051787,0.0520637
2020-04-16 10:26:44.461,231.345,0.0051787,0.0520637
2020-04-16 10:26:44.561,231.345,0.0051787,0.0520637
2020-04-16 10:26:44.670,231.345,0.0051787,0.0509298
2020-04-16 10:26:44.771,231.261,0.00527829,0.0509298
2020-04-16 10:26:44.872,231.261,0.0048925,0.0509298
2020-04-16 10:26:44.952,231.422,0.0048925,0.0509298
2020-04-16 10:26:45.056,231.422,0.0048925,0.0509298
2020-04-16 10:26:45.160,231.422,0.0048925,0.0509298
2020-04-16 10:26:45.251,231.422,0.0048925,0.0509298
2020-04-16 10:26:45.351,231.422,0.00527829,0.0509298
2020-04-16 10:26:45.458,231.418,0.00527829,0.0509298
2020-04-16 10:26:45.526,231.418,0.0048925,0.0509298
2020-04-16 10:26:45.612,231.418,0.00527829,0.0509298
2020-04-16 10:26:45.709,231.418,0.00527829,0.0526145
2020-04-16 10:26:45.810,231.418,0.00527829,0.0526145
2020-04-16 10:26:45.904,231.326,0.00527829,0.0526145
2020-04-16 10:26:46.008,231.326,0.00527829,0.0526145
2020-04-16 10:26:46.100,231.418,0.00527829,0.0526145
2020-04-16 10:26:46.195,231.418,0.00527829,0.0526145
2020-04-16 10:26:46.278,231.326,0.00527829,0.0526145
2020-04-16 10:26:46.355,231.418,0.00527829,0.0526145
2020-04-16 10:26:46.433,231.384,0.00527829,0.0526145
2020-04-16 10:26:46.524,231.384,0.0048925,0.0526145
2020-04-16 10:26:46.606,231.384,0.00527829,0.0526145
2020-04-16 10:26:46.694,231.384,0.0051787,0.0527765
2020-04-16 10:26:46.787,231.384,0.0051787,0.0527765
2020-04-16 10:26:46.875,231.384,0.0051787,0.0527765
2020-04-16 10:26:46.966,231.384,0.0051787,0.0527765
2020-04-16 10:26:47.097,231.384,0.0051787,0.0527765
2020-04-16 10:26:47.182,231.384,0.0048925,0.0527765
2020-04-16 10:26:47.278,231.384,0.0048925,0.0527765
2020-04-16 10:26:47.376,231.384,0.0048925,0.0539807
2020-04-16 10:26:47.479,231.314,0.0048925,0.0539807
2020-04-16 10:26:47.581,231.46,0.0051787,0.0527765
2020-04-16 10:26:47.676,231.46,0.00527829,0.0506058
2020-04-16 10:26:47.783,231.613,0.00527829,0.0506058
2020-04-16 10:26:47.875,231.613,0.00527829,0.0506058
2020-04-16 10:26:47.966,231.613,0.00527829,0.0506058
2020-04-16 10:26:48.073,231.613,0.00527829,0.0506058
2020-04-16 10:26:48.165,231.613,0.00527829,0.0506058
2020-04-16 10:26:48.267,231.613,0.00527829,0.0506058
2020-04-16 10:26:48.349,231.613,0.00527829,0.0506058
2020-04-16 10:26:48.442,231.613,0.00527829,0.0506058
2020-04-16 10:26:48.530,231.613,0.00527829,0.0506058
2020-04-16 10:26:48.627,231.613,0.00527829,0.0506058
2020-04-16 10:26:48.731,231.534,0.00527829,0.0519665
2020-04-16 10:26:48.824,231.534,0.00527829,0.0519665
2020-04-16 10:26:48.913,231.534,0.00527829,0.0519665
2020-04-16 10:26:49.002,231.534,0.00527829,0.0519665
2020-04-16 10:26:49.099,231.534,0.00527829,0.0519665
2020-04-16 10:26:49.203,231.534,0.00527829,0.0519665
2020-04-16 10:26:49.305,231.534,0.00527829,0.0519665
2020-04-16 10:26:49.427,231.534,0.00527829,0.0519665
2020-04-16 10:26:49.526,231.534,0.00527829,0.0519665
2020-04-16 10:26:49.623,231.534,0.00527829,0.0519665
2020-04-16 10:26:49.727,231.453,0.00527829,0.0523877
2020-04-16 10:26:49.827,231.453,0.00527829,0.0523877
2020-04-16 10:26:49.925,231.453,0.00527829,0.0523877
2020-04-16 10:26:50.038,231.453,0.00527829,0.0523877
2020-04-16 10:26:50.140,231.453,0.00527829,0.0523877
2020-04-16 10:26:50.241,231.453,0.00527829,0.0523877
2020-04-16 10:26:50.352,231.453,0.00527829,0.0523877
2020-04-16 10:26:50.451,231.453,0.00527829,0.0523877
2020-04-16 10:26:50.560,231.453,0.00527829,0.0523877
2020-04-16 10:26:50.636,231.453,0.00527829,0.0516425
2020-04-16 10:26:50.733,231.235,0.00527829,0.0516425
2020-04-16 10:26:50.819,231.235,0.00527829,0.0516425
2020-04-16 10:26:50.922,231.235,0.00527829,0.0516425
2020-04-16 10:26:51.020,231.235,0.00527829,0.0516425
2020-04-16 10:26:51.113,231.235,0.00527829,0.0516425
2020-04-16 10:26:51.213,231.235,0.00527829,0.0516425
2020-04-16 10:26:51.314,231.235,0.00527829,0.0516425
2020-04-16 10:26:51.421,231.235,0.00527829,0.0516425
2020-04-16 10:26:51.527,231.235,0.00527829,0.0516425
2020-04-16 10:26:51.623,231.235,0.00527829,0.0516425
2020-04-16 10:26:51.713,230.807,0.00527829,0.0477224
2020-04-16 10:26:51.795,230.807,0.00527829,0.0477224
2020-04-16 10:26:51.881,230.807,0.00527829,0.0477224
2020-04-16 10:26:51.969,230.807,0.00527829,0.0477224
2020-04-16 10:26:52.073,230.807,0.00527829,0.0477224
2020-04-16 10:26:52.172,230.807,0.00527829,0.0477224
2020-04-16 10:26:52.263,230.807,0.00527829,0.0477224
2020-04-16 10:26:52.356,230.807,0.00527829,0.0477224
2020-04-16 10:26:52.447,230.807,0.00527829,0.0477224
2020-04-16 10:26:52.533,230.807,0.00527829,0.0477224
2020-04-16 10:26:52.633,230.807,0.00527829,0.0526469
2020-04-16 10:26:52.728,231.0,0.00527829,0.0526469
2020-04-16 10:26:52.829,231.0,0.0048925,0.0526469
2020-04-16 10:26:52.939,231.115,0.0048925,0.0512657
2020-04-16 10:26:53.036,231.115,0.0048925,0.0526469
2020-04-16 10:26:53.140,231.115,0.0048925,0.0526469
2020-04-16 10:26:53.234,231.115,0.0048925,0.0526469
2020-04-16 10:26:53.329,231.115,0.0048925,0.0526469
2020-04-16 10:26:53.427,231.115,0.0048925,0.0526469
2020-04-16 10:26:53.531,231.136,0.0048925,0.0526469
2020-04-16 10:26:53.637,231.136,0.0048925,0.0519341
2020-04-16 10:26:53.739,231.136,0.0048925,0.0519341
2020-04-16 10:26:53.836,231.136,0.0048925,0.0519341
2020-04-16 10:26:53.937,231.136,0.0048925,0.0519341
2020-04-16 10:26:54.031,231.136,0.0048925,0.0519341
2020-04-16 10:26:54.124,231.136,0.0048925,0.0519341
2020-04-16 10:26:54.229,231.136,0.0048925,0.0519341
2020-04-16 10:26:54.328,231.136,0.00527829,0.0519341
2020-04-16 10:26:54.426,231.136,0.00527829,0.0519341
2020-04-16 10:26:54.516,231.185,0.00527829,0.0519341
2020-04-16 10:26:54.606,231.131,0.00527829,0.0519341
2020-04-16 10:26:54.706,230.975,0.0051787,0.0524849
2020-04-16 10:26:54.806,230.975,0.0051787,0.0524849
2020-04-16 10:26:54.906,230.975,0.0051787,0.0524849
2020-04-16 10:26:55.015,230.975,0.0051787,0.0524849
2020-04-16 10:26:55.117,231.185,0.0051787,0.0524849
2020-04-16 10:26:55.201,231.185,0.0051787,0.0524849
2020-04-16 10:26:55.292,231.185,0.0051787,0.0524849
2020-04-16 10:26:55.407,231.185,0.0048925,0.0524849
2020-04-16 10:26:55.473,231.248,0.0051787,0.0524849
2020-04-16 10:26:55.573,230.975,0.0051787,0.0524849
2020-04-16 10:26:55.684,230.635,0.00527829,0.0491155
2020-04-16 10:26:55.786,230.635,0.00527829,0.0491155
2020-04-16 10:26:55.885,230.635,0.00527829,0.0491155
2020-04-16 10:26:55.983,230.635,0.00527829,0.0491155
2020-04-16 10:26:56.081,230.635,0.00527829,0.0491155
2020-04-16 10:26:56.190,230.635,0.00527829,0.0491155
2020-04-16 10:26:56.296,231.248,0.0048925,0.0491155
2020-04-16 10:26:56.397,231.248,0.0048925,0.0491155
2020-04-16 10:26:56.499,231.25,0.0048925,0.0491155
2020-04-16 10:26:56.567,231.25,0.0048925,0.0491155
2020-04-16 10:26:56.677,231.25,0.0048925,0.0509298
2020-04-16 10:26:56.773,231.25,0.0048925,0.0509298
2020-04-16 10:26:56.872,231.25,0.0048925,0.0509298
2020-04-16 10:26:56.972,231.25,0.0048925,0.0509298
2020-04-16 10:26:57.078,231.25,0.0048925,0.0509298
2020-04-16 10:26:57.188,230.619,0.0048925,0.0509298
2020-04-16 10:26:57.305,230.619,0.0048925,0.0509298
2020-04-16 10:26:57.383,231.25,0.0048925,0.0509298
2020-04-16 10:26:57.475,230.619,0.00527829,0.0509298
2020-04-16 10:26:57.581,230.619,0.0048925,0.0539488
2020-04-16 10:26:57.683,230.78,0.0048925,0.0539488
2020-04-16 10:26:57.790,231.125,0.0048925,0.0553359
2020-04-16 10:26:57.899,230.78,0.0051787,0.0553359
2020-04-16 10:26:57.995,230.78,0.0051787,0.0553359
2020-04-16 10:26:58.089,231.125,0.0048925,0.0539488
2020-04-16 10:26:58.191,231.125,0.0048925,0.0553359
2020-04-16 10:26:58.304,231.125,0.0048925,0.0553359
2020-04-16 10:26:58.407,231.125,0.0051787,0.0553359
2020-04-16 10:26:58.506,230.78,0.0051787,0.0553359
2020-04-16 10:26:58.598,230.78,0.0051787,0.0553359
2020-04-16 10:26:58.697,231.094,0.00527829,0.0535864
2020-04-16 10:26:58.800,231.094,0.00527829,0.0535864
2020-04-16 10:26:58.895,231.094,0.00527829,0.0535864
2020-04-16 10:26:58.998,231.094,0.00527829,0.0535864
2020-04-16 10:26:59.099,231.094,0.00527829,0.0535864
2020-04-16 10:26:59.216,231.094,0.00527829,0.0535864
2020-04-16 10:26:59.318,231.094,0.00527829,0.0535864
2020-04-16 10:26:59.418,231.094,0.00527829,0.0535864
2020-04-16 10:26:59.511,231.094,0.00527829,0.0535864
2020-04-16 10:26:59.604,231.094,0.00527829,0.0535864
2020-04-16 10:27:00.045,231.031,0.00527829,0.0528413
2020-04-16 10:27:01.346,231.031,0.00527829,0.0517073
2020-04-16 10:27:02.967,231.152,0.00527829,0.0540076
2020-04-16 10:27:03.435,231.152,0.0048925,0.0524201
2020-04-16 10:27:03.536,231.16,0.0048925,0.0524201
2020-04-16 10:27:03.638,231.16,0.0048925,0.0526469
2020-04-16 10:27:03.737,231.16,0.0048925,0.0526469
2020-04-16 10:27:03.840,231.16,0.0048925,0.0526469
2020-04-16 10:27:03.937,231.16,0.0048925,0.0526469
2020-04-16 10:27:04.036,231.16,0.0048925,0.0526469
2020-04-16 10:27:04.164,231.16,0.0048925,0.0526469
2020-04-16 10:27:04.274,230.975,0.00527829,0.0526469
2020-04-16 10:27:04.377,230.975,0.00527829,0.0526469
2020-04-16 10:27:04.503,231.41,0.0048925,0.0526469
2020-04-16 10:27:04.615,230.975,0.00527829,0.0520313
2020-04-16 10:27:04.722,231.175,0.00527829,0.0520313
2020-04-16 10:27:04.815,231.175,0.00527829,0.0520313
2020-04-16 10:27:04.916,231.175,0.00527829,0.0520313
2020-04-16 10:27:05.031,231.175,0.00527829,0.0520313
2020-04-16 10:27:05.136,231.175,0.00527829,0.0520313
2020-04-16 10:27:05.260,231.175,0.00527829,0.0520313
2020-04-16 10:27:05.355,231.175,0.00527829,0.0520313
2020-04-16 10:27:05.466,231.175,0.00527829,0.0520313
2020-04-16 10:27:05.570,231.175,0.00527829,0.0520313
2020-04-16 10:27:05.667,231.26,0.00527829,0.053878
2020-04-16 10:27:05.768,231.26,0.00527829,0.053878
2020-04-16 10:27:05.869,231.26,0.00527829,0.053878
2020-04-16 10:27:05.964,231.333,0.0048925,0.053878
2020-04-16 10:27:06.071,231.333,0.0048925,0.053878
2020-04-16 10:27:06.176,231.26,0.00527829,0.053878
2020-04-16 10:27:06.289,231.26,0.00527829,0.053878
2020-04-16 10:27:06.380,231.26,0.00527829,0.053878
2020-04-16 10:27:06.496,231.26,0.00527829,0.053878
2020-04-16 10:27:06.606,231.26,0.0048925,0.053878
2020-04-16 10:27:06.708,231.365,0.0048925,0.0521285
2020-04-16 10:27:06.803,231.365,0.0048925,0.0521285
2020-04-16 10:27:06.903,231.365,0.0048925,0.0521285
2020-04-16 10:27:07.006,231.365,0.0048925,0.0521285
2020-04-16 10:27:07.094,231.365,0.0048925,0.0521285
2020-04-16 10:27:07.168,231.365,0.0048925,0.0521285
2020-04-16 10:27:07.276,231.365,0.0048925,0.0521285
2020-04-16 10:27:07.377,231.365,0.0048925,0.0521285
2020-04-16 10:27:07.478,231.405,0.0048925,0.0521285
2020-04-16 10:27:07.578,231.405,0.0048925,0.0521285
2020-04-16 10:27:07.687,231.405,0.0048925,0.0513833
2020-04-16 10:27:07.776,230.958,0.00527829,0.0513833
2020-04-16 10:27:07.876,230.958,0.00527829,0.0513833
2020-04-16 10:27:07.986,230.958,0.00527829,0.0513833
2020-04-16 10:27:08.092,230.958,0.00527829,0.0513833
2020-04-16 10:27:08.205,230.958,0.00527829,0.0513833
2020-04-16 10:27:08.299,230.958,0.00527829,0.0513833
2020-04-16 10:27:08.410,230.958,0.00527829,0.0513833
2020-04-16 10:27:08.531,230.958,0.00527829,0.0513833
2020-04-16 10:27:08.645,230.958,0.00527829,0.0539104
2020-04-16 10:27:08.756,230.863,0.00527829,0.0539104
2020-04-16 10:27:08.881,230.863,0.00527829,0.0539104
2020-04-16 10:27:08.963,230.863,0.00527829,0.0539104
2020-04-16 10:27:09.047,230.863,0.00527829,0.0539104
2020-04-16 10:27:09.154,230.863,0.00527829,0.0539104
2020-04-16 10:27:09.256,230.863,0.00527829,0.0539104
2020-04-16 10:27:09.354,230.863,0.00527829,0.0539104
2020-04-16 10:27:09.456,230.863,0.00527829,0.0539104
2020-04-16 10:27:09.592,231.54,0.00527829,0.0539104
2020-04-16 10:27:09.688,231.54,0.00527829,0.0525821
2020-04-16 10:27:09.791,231.54,0.00527829,0.0525821
2020-04-16 10:27:09.886,231.54,0.00527829,0.0525821
2020-04-16 10:27:10.004,231.54,0.0048925,0.0525821
2020-04-16 10:27:10.111,231.54,0.0048925,0.0525821
2020-04-16 10:27:10.215,231.54,0.00527829,0.0525821
2020-04-16 10:27:10.316,231.54,0.00527829,0.0525821
2020-04-16 10:27:10.416,231.54,0.0048925,0.0525821
2020-04-16 10:27:10.518,231.45,0.0048925,0.0525821
2020-04-16 10:27:10.616,231.45,0.0048925,0.0529708
2020-04-16 10:27:10.726,231.45,0.0048925,0.0529708
2020-04-16 10:27:10.827,231.45,0.0048925,0.0529708
2020-04-16 10:27:10.932,231.45,0.0048925,0.0529708
2020-04-16 10:27:11.070,231.45,0.0048925,0.0515851
2020-04-16 10:27:11.181,231.45,0.0048925,0.0529708
2020-04-16 10:27:11.288,231.45,0.0048925,0.0529708
2020-04-16 10:27:11.387,231.45,0.0048925,0.0529708
2020-04-16 10:27:11.496,231.406,0.0048925,0.0529708
2020-04-16 10:27:11.613,231.047,0.00527829,0.0534892
2020-04-16 10:27:11.709,231.229,0.00527829,0.0534892
2020-04-16 10:27:11.803,231.229,0.00527829,0.0534892
2020-04-16 10:27:11.906,231.229,0.00527829,0.0534892
2020-04-16 10:27:12.017,231.229,0.00527829,0.0534892
2020-04-16 10:27:12.121,231.229,0.00527829,0.0534892
2020-04-16 10:27:12.243,231.229,0.00527829,0.0534892
2020-04-16 10:27:12.362,231.229,0.00527829,0.0534892
2020-04-16 10:27:12.470,231.229,0.00527829,0.0534892
2020-04-16 10:27:12.566,231.229,0.00527829,0.0534892
2020-04-16 10:27:12.667,231.523,0.0048925,0.0510421
2020-04-16 10:27:12.779,231.523,0.0048925,0.0510421
2020-04-16 10:27:12.886,231.378,0.00527829,0.0542992
2020-04-16 10:27:12.985,231.378,0.00527829,0.0542992
2020-04-16 10:27:13.087,231.378,0.00527829,0.0542992
2020-04-16 10:27:13.200,231.378,0.00527829,0.0542992
2020-04-16 10:27:13.306,231.378,0.0048925,0.0542992
2020-04-16 10:27:13.412,231.523,0.0048925,0.0542992
2020-04-16 10:27:13.539,231.378,0.0048925,0.0542992
2020-04-16 10:27:13.647,231.396,0.00527829,0.0537808
2020-04-16 10:27:13.752,231.396,0.00527829,0.0537808
2020-04-16 10:27:13.853,231.396,0.0048925,0.0537808
2020-04-16 10:27:13.952,231.58,0.0048925,0.0537808
2020-04-16 10:27:14.052,231.58,0.0048925,0.0537808
2020-04-16 10:27:14.165,231.58,0.0048925,0.0537808
2020-04-16 10:27:14.256,231.396,0.00527829,0.0537808
2020-04-16 10:27:14.350,231.58,0.0048925,0.0537808
2020-04-16 10:27:14.433,231.664,0.00527829,0.0537808
2020-04-16 10:27:14.531,231.664,0.00527829,0.0537808
2020-04-16 10:27:14.615,231.664,0.0048925,0.0518045
2020-04-16 10:27:14.722,231.664,0.0048925,0.0518045
2020-04-16 10:27:14.822,231.664,0.0048925,0.0518045
2020-04-16 10:27:14.918,231.664,0.0048925,0.0518045
2020-04-16 10:27:15.041,231.664,0.0048925,0.0518045
2020-04-16 10:27:15.141,231.664,0.0048925,0.0518045
2020-04-16 10:27:15.244,231.664,0.0048925,0.0518045
2020-04-16 10:27:15.366,231.664,0.00527829,0.0518045
2020-04-16 10:27:15.465,231.581,0.0048925,0.0518045
2020-04-16 10:27:15.559,231.581,0.0048925,0.0518045
2020-04-16 10:27:15.655,231.581,0.0048925,0.0543316
2020-04-16 10:27:15.755,231.581,0.00527829,0.0543316
2020-04-16 10:27:15.868,230.941,0.00527829,0.0543316
2020-04-16 10:27:15.966,230.941,0.00527829,0.0543316
2020-04-16 10:27:16.069,230.941,0.00527829,0.0543316
2020-04-16 10:27:16.168,231.581,0.0048925,0.0543316
2020-04-16 10:27:16.276,231.581,0.0048925,0.0543316
2020-04-16 10:27:16.378,231.581,0.0048925,0.0543316
2020-04-16 10:27:16.480,231.619,0.0048925,0.0543316
2020-04-16 10:27:16.578,231.619,0.0048925,0.0543316
2020-04-16 10:27:16.680,231.619,0.0048925,0.0510918
2020-04-16 10:27:16.789,231.619,0.0048925,0.0510918
2020-04-16 10:27:16.901,231.619,0.0048925,0.0510918
2020-04-16 10:27:17.025,231.619,0.0048925,0.0510918
2020-04-16 10:27:17.140,231.619,0.0048925,0.0510918
2020-04-16 10:27:17.250,231.619,0.0048925,0.0506269
2020-04-16 10:27:17.356,231.619,0.0048925,0.0510918
2020-04-16 10:27:17.460,231.619,0.00527829,0.0510918
2020-04-16 10:27:17.569,231.657,0.00527829,0.0510918
2020-04-16 10:27:17.676,231.657,0.0048925,0.0505949
2020-04-16 10:27:17.775,231.657,0.0048925,0.0533272
2020-04-16 10:27:17.898,231.657,0.0048925,0.0505949
2020-04-16 10:27:18.006,231.233,0.00527829,0.0533272
2020-04-16 10:27:18.105,231.233,0.00527829,0.0533272
2020-04-16 10:27:18.207,231.233,0.00527829,0.0533272
2020-04-16 10:27:18.316,231.233,0.00527829,0.0533272
2020-04-16 10:27:18.409,231.233,0.00527829,0.0533272
2020-04-16 10:27:18.509,231.233,0.00527829,0.0533272
2020-04-16 10:27:18.618,231.233,0.00527829,0.0530032
2020-04-16 10:27:18.717,231.358,0.00527829,0.0530032
2020-04-16 10:27:18.820,231.358,0.00527829,0.0530032
2020-04-16 10:27:18.922,231.358,0.00527829,0.0530032
2020-04-16 10:27:18.995,231.358,0.00527829,0.0530032
2020-04-16 10:27:19.094,231.358,0.00527829,0.0530032
2020-04-16 10:27:19.198,231.358,0.00527829,0.0530032
2020-04-16 10:27:19.306,231.358,0.00527829,0.0530032
2020-04-16 10:27:19.398,231.599,0.00527829,0.0530032
2020-04-16 10:27:19.478,231.493,0.00527829,0.0530032
2020-04-16 10:27:19.577,231.493,0.00527829,0.0531328
2020-04-16 10:27:19.694,231.493,0.00527829,0.0531328
2020-04-16 10:27:19.796,231.493,0.00499035,0.0531328
2020-04-16 10:27:19.894,231.493,0.00527829,0.0531328
2020-04-16 10:27:19.990,231.493,0.00527829,0.0531328
2020-04-16 10:27:20.091,231.493,0.00527829,0.0531328
2020-04-16 10:27:20.186,231.493,0.00499035,0.0531328
2020-04-16 10:27:20.297,231.493,0.00499035,0.0531328
2020-04-16 10:27:20.401,231.493,0.00499035,0.0531328
2020-04-16 10:27:20.511,231.604,0.00499035,0.0536294
2020-04-16 10:27:20.622,231.366,0.00499035,0.0531328
2020-04-16 10:27:20.729,231.395,0.00499035,0.0531328
2020-04-16 10:27:20.840,231.604,0.00499035,0.0531328
2020-04-16 10:27:20.958,231.604,0.00499035,0.0531328
2020-04-16 10:27:21.056,231.604,0.00499035,0.0531328
2020-04-16 10:27:21.172,231.604,0.00499035,0.0531328
2020-04-16 10:27:21.282,231.395,0.00527829,0.0531328
2020-04-16 10:27:21.388,231.395,0.00527829,0.0531328
2020-04-16 10:27:21.490,231.395,0.00527829,0.0531328
2020-04-16 10:27:21.558,231.395,0.00527829,0.0531328
2020-04-16 10:27:21.658,231.151,0.00527829,0.0531328
2020-04-16 10:27:21.765,231.151,0.00527829,0.0531328
2020-04-16 10:27:21.868,231.151,0.00527829,0.0531328
2020-04-16 10:27:21.966,231.67,0.0048925,0.0531328
2020-04-16 10:27:22.069,231.67,0.0048925,0.0531328
2020-04-16 10:27:22.190,231.67,0.0048925,0.0531328
2020-04-16 10:27:22.300,231.67,0.0048925,0.0484229
2020-04-16 10:27:22.382,231.67,0.0048925,0.0484229
2020-04-16 10:27:22.477,231.701,0.00499035,0.0531328
2020-04-16 10:27:22.589,231.701,0.00499035,0.053392
2020-04-16 10:27:22.701,231.701,0.00499035,0.053392
2020-04-16 10:27:22.816,231.063,0.00527829,0.053392
2020-04-16 10:27:22.942,231.701,0.00527829,0.053392
2020-04-16 10:27:23.071,231.063,0.00527829,0.053392
2020-04-16 10:27:23.201,231.063,0.00499035,0.053392
2020-04-16 10:27:23.316,231.063,0.00527829,0.053392
2020-04-16 10:27:23.426,231.701,0.00499035,0.0487104
2020-04-16 10:27:23.524,231.472,0.00499035,0.053392
2020-04-16 10:27:23.622,231.472,0.00499035,0.0552063
2020-04-16 10:27:23.727,231.472,0.00499035,0.0552063
2020-04-16 10:27:23.838,231.472,0.00499035,0.0552063
2020-04-16 10:27:23.942,231.472,0.00499035,0.0552063
2020-04-16 10:27:24.045,231.472,0.00499035,0.0552063
2020-04-16 10:27:24.154,231.472,0.00499035,0.0552063
2020-04-16 10:27:24.258,231.472,0.00499035,0.0552063
2020-04-16 10:27:24.362,231.472,0.00499035,0.0552063
2020-04-16 10:27:24.467,231.144,0.00499035,0.0552063
2020-04-16 10:27:24.569,231.144,0.00499035,0.0552063
2020-04-16 10:27:24.642,231.144,0.00499035,0.0553035
2020-04-16 10:27:24.746,231.144,0.00527829,0.0553035
2020-04-16 10:27:24.854,230.827,0.00527829,0.0553035
2020-04-16 10:27:24.969,231.144,0.00527829,0.0553035
2020-04-16 10:27:25.072,230.827,0.00527829,0.0553035
2020-04-16 10:27:25.187,230.827,0.00527829,0.0553035
2020-04-16 10:27:25.303,230.827,0.00527829,0.0553035
2020-04-16 10:27:25.417,230.827,0.00527829,0.0553035
2020-04-16 10:27:25.542,230.827,0.00527829,0.0553035
2020-04-16 10:27:25.648,230.989,0.00527829,0.0501198
2020-04-16 10:27:25.739,230.989,0.00527829,0.0501198
2020-04-16 10:27:25.824,230.989,0.00527829,0.0501198
2020-04-16 10:27:25.923,230.989,0.00527829,0.0501198
2020-04-16 10:27:26.032,230.989,0.00527829,0.0501198
2020-04-16 10:27:26.124,230.989,0.00527829,0.0501198
2020-04-16 10:27:26.223,230.989,0.00527829,0.0501198
2020-04-16 10:27:26.326,230.989,0.00527829,0.0501198
2020-04-16 10:27:26.391,230.989,0.00527829,0.0501198
2020-04-16 10:27:26.491,230.989,0.00527829,0.0501198
2020-04-16 10:27:26.610,230.989,0.00527829,0.0518045
2020-04-16 10:27:26.722,231.047,0.00527829,0.0518045
2020-04-16 10:27:26.842,231.047,0.00527829,0.0518045
2020-04-16 10:27:26.948,231.139,0.00527829,0.0518045
2020-04-16 10:27:27.046,231.139,0.00527829,0.0518045
2020-04-16 10:27:27.146,231.139,0.00527829,0.0518045
2020-04-16 10:27:27.246,231.139,0.00527829,0.0518045
2020-04-16 10:27:27.346,231.139,0.00527829,0.0518045
2020-04-16 10:27:27.444,231.047,0.00527829,0.0518045
2020-04-16 10:27:27.536,231.047,0.00527829,0.0518045
2020-04-16 10:27:27.642,230.858,0.00527829,0.0553683
2020-04-16 10:27:27.745,230.858,0.00527829,0.0553683
2020-04-16 10:27:27.842,230.858,0.00527829,0.0553683
2020-04-16 10:27:27.950,230.858,0.00527829,0.0553683
2020-04-16 10:27:28.067,230.858,0.00527829,0.0553683
2020-04-16 10:27:28.169,230.858,0.00527829,0.0553683
2020-04-16 10:27:28.273,230.858,0.00527829,0.0553683
2020-04-16 10:27:28.372,230.858,0.00527829,0.0553683
2020-04-16 10:27:28.465,231.006,0.0048925,0.0553683
2020-04-16 10:27:28.550,231.006,0.0048925,0.050703
2020-04-16 10:27:28.671,230.546,0.00527829,0.050703
2020-04-16 10:27:28.778,230.546,0.00527829,0.050703
2020-04-16 10:27:28.885,231.006,0.0048925,0.050703
2020-04-16 10:27:29.004,231.006,0.0048925,0.050703
2020-04-16 10:27:29.071,231.006,0.00527829,0.050703
2020-04-16 10:27:29.157,231.006,0.00527829,0.050703
2020-04-16 10:27:29.265,230.546,0.00527829,0.050703
2020-04-16 10:27:29.373,231.006,0.00527829,0.050703
2020-04-16 10:27:29.480,230.928,0.00527829,0.050703
2020-04-16 10:27:29.601,230.928,0.0048925,0.0524201
2020-04-16 10:27:29.708,230.928,0.0048925,0.0524201
2020-04-16 10:27:29.824,230.928,0.0048925,0.0524201
2020-04-16 10:27:29.934,230.928,0.0048925,0.0524201
2020-04-16 10:27:30.074,230.413,0.00527829,0.0524201
2020-04-16 10:27:30.228,230.928,0.0048925,0.0524201
2020-04-16 10:27:30.336,230.413,0.00527829,0.0524201
2020-04-16 10:27:30.452,230.928,0.0048925,0.0524201
2020-04-16 10:27:30.556,231.017,0.0048925,0.0524201
2020-04-16 10:27:30.665,231.017,0.0048925,0.0518693
2020-04-16 10:27:30.776,231.017,0.0048925,0.0518693
2020-04-16 10:27:30.913,231.017,0.0048925,0.0518693
2020-04-16 10:27:31.006,231.017,0.0048925,0.0518693
2020-04-16 10:27:31.097,231.017,0.0048925,0.0489659
2020-04-16 10:27:31.194,231.017,0.0048925,0.0518693
2020-04-16 10:27:31.298,231.017,0.00527829,0.0518693
2020-04-16 10:27:31.389,230.392,0.0048925,0.0518693
2020-04-16 10:27:31.498,230.392,0.00499035,0.0518693
2020-04-16 10:27:31.620,230.489,0.0051787,0.051027
2020-04-16 10:27:31.702,230.489,0.0051787,0.051027
2020-04-16 10:27:31.797,230.489,0.0051787,0.051027
2020-04-16 10:27:31.903,230.489,0.0051787,0.051027
2020-04-16 10:27:32.010,230.489,0.0051787,0.051027
2020-04-16 10:27:32.125,230.489,0.0051787,0.051027
2020-04-16 10:27:32.234,230.489,0.0051787,0.051027
2020-04-16 10:27:32.351,230.489,0.0051787,0.051027
2020-04-16 10:27:32.431,230.489,0.0051787,0.051027
2020-04-16 10:27:32.521,230.489,0.0051787,0.0493173
2020-04-16 10:27:32.643,230.899,0.0048925,0.0493173
2020-04-16 10:27:32.751,230.899,0.0048925,0.051027
2020-04-16 10:27:32.867,230.899,0.0048925,0.0493173
2020-04-16 10:27:32.983,230.794,0.00527829,0.051027
2020-04-16 10:27:33.088,230.794,0.00527829,0.051027
2020-04-16 10:27:33.196,230.794,0.00527829,0.051027
2020-04-16 10:27:33.309,230.794,0.00527829,0.051027
2020-04-16 10:27:33.418,230.794,0.00527829,0.051027
2020-04-16 10:27:33.533,230.794,0.00527829,0.051027
2020-04-16 10:27:33.646,230.569,0.00527829,0.0538456
2020-04-16 10:27:33.758,230.569,0.00527829,0.0538456
2020-04-16 10:27:33.872,230.569,0.00527829,0.0538456
2020-04-16 10:27:33.979,230.569,0.00527829,0.0538456
2020-04-16 10:27:34.091,230.569,0.00527829,0.0538456
2020-04-16 10:27:34.201,230.569,0.00527829,0.0538456
2020-04-16 10:27:34.308,230.569,0.00527829,0.0538456
2020-04-16 10:27:34.437,230.569,0.00527829,0.0538456
2020-04-16 10:27:34.540,230.774,0.0048925,0.0538456
2020-04-16 10:27:34.652,230.774,0.0048925,0.0552063
2020-04-16 10:27:34.783,230.774,0.00527829,0.0552063
2020-04-16 10:27:34.886,230.774,0.0048925,0.0552063
2020-04-16 10:27:35.013,230.774,0.0048925,0.0552063
2020-04-16 10:27:35.130,230.774,0.0048925,0.0552063
2020-04-16 10:27:35.255,230.774,0.0048925,0.0552063
2020-04-16 10:27:35.369,230.774,0.00527829,0.0552063
2020-04-16 10:27:35.483,230.796,0.00527829,0.0552063
2020-04-16 10:27:35.578,230.796,0.0048925,0.0525173
2020-04-16 10:27:35.678,230.796,0.0048925,0.0525173
2020-04-16 10:27:35.781,230.796,0.0048925,0.0525173
2020-04-16 10:27:35.882,230.796,0.00527829,0.0525173
2020-04-16 10:27:35.983,230.796,0.00527829,0.0525173
2020-04-16 10:27:36.098,230.796,0.00527829,0.0525173
2020-04-16 10:27:36.210,230.796,0.00527829,0.0525173
2020-04-16 10:27:36.309,230.796,0.00527829,0.0525173
2020-04-16 10:27:36.429,230.796,0.00527829,0.0525173
2020-04-16 10:27:36.542,230.816,0.00527829,0.0525173
2020-04-16 10:27:36.658,230.816,0.00527829,0.0549471
2020-04-16 10:27:36.774,230.816,0.00527829,0.0549471
2020-04-16 10:27:36.869,230.816,0.00527829,0.0549471
2020-04-16 10:27:36.966,230.816,0.00527829,0.0549471
2020-04-16 10:27:37.059,230.231,0.00527829,0.0549471
2020-04-16 10:27:37.167,230.231,0.00527829,0.0549471
2020-04-16 10:27:37.281,230.231,0.00527829,0.0549471
2020-04-16 10:27:37.388,230.231,0.00527829,0.0549471
2020-04-16 10:27:37.493,230.231,0.00527829,0.0549471
2020-04-16 10:27:37.598,230.381,0.00527829,0.0521285
2020-04-16 10:27:37.696,230.381,0.00527829,0.0521285
2020-04-16 10:27:37.798,230.381,0.00527829,0.0521285
2020-04-16 10:27:37.906,230.825,0.00527829,0.0521285
2020-04-16 10:27:38.007,230.825,0.00527829,0.0521285
2020-04-16 10:27:38.120,230.825,0.00527829,0.0521285
2020-04-16 10:27:38.212,230.825,0.00527829,0.0521285
2020-04-16 10:27:38.318,230.381,0.00527829,0.0521285
2020-04-16 10:27:38.433,230.381,0.00527829,0.0521285
2020-04-16 10:27:38.537,230.381,0.00527829,0.0521285
2020-04-16 10:27:38.656,230.724,0.0051787,0.0552063
2020-04-16 10:27:38.766,230.724,0.0048925,0.0552063
2020-04-16 10:27:38.879,230.724,0.0048925,0.0552063
2020-04-16 10:27:38.993,230.724,0.0048925,0.0493173
2020-04-16 10:27:39.096,230.724,0.0048925,0.0552063
2020-04-16 10:27:39.224,230.724,0.0048925,0.0493173
2020-04-16 10:27:39.307,230.724,0.0051787,0.0552063
2020-04-16 10:27:39.418,230.592,0.0051787,0.0552063
2020-04-16 10:27:39.526,230.592,0.0051787,0.0552063
2020-04-16 10:27:39.638,230.788,0.00527829,0.0506382
2020-04-16 10:27:39.753,230.788,0.00527829,0.0506382
2020-04-16 10:27:39.856,230.788,0.00527829,0.0506382
2020-04-16 10:27:39.964,230.788,0.00527829,0.0506382
2020-04-16 10:27:40.081,230.788,0.00527829,0.0506382
2020-04-16 10:27:40.207,230.788,0.00527829,0.0506382
2020-04-16 10:27:40.314,230.788,0.00527829,0.0506382
2020-04-16 10:27:40.414,230.788,0.00527829,0.0506382
2020-04-16 10:27:40.544,230.788,0.00527829,0.0506382
2020-04-16 10:27:40.652,230.602,0.00527829,0.0515453
2020-04-16 10:27:40.761,230.602,0.00527829,0.0515453
2020-04-16 10:27:40.902,230.602,0.00527829,0.0515453
2020-04-16 10:27:41.030,230.965,0.00527829,0.0515453
2020-04-16 10:27:41.133,230.965,0.00527829,0.0515453
2020-04-16 10:27:41.260,230.965,0.0048925,0.0515453
2020-04-16 10:27:41.368,230.965,0.0048925,0.0515453
2020-04-16 10:27:41.473,230.89,0.00527829,0.0515453
2020-04-16 10:27:41.555,230.89,0.00527829,0.0513833
2020-04-16 10:27:41.659,230.29,0.00527829,0.0513833
2020-04-16 10:27:41.759,230.29,0.00527829,0.0513833
2020-04-16 10:27:41.912,230.29,0.00527829,0.0513833
2020-04-16 10:27:42.011,230.29,0.00527829,0.0513833
2020-04-16 10:27:42.156,230.29,0.00527829,0.0513833
2020-04-16 10:27:42.284,230.29,0.00527829,0.0513833
2020-04-16 10:27:42.414,230.89,0.00527829,0.0513833
2020-04-16 10:27:42.511,230.29,0.00527829,0.0513833
2020-04-16 10:27:42.628,230.26,0.00527829,0.051189
2020-04-16 10:27:42.745,230.893,0.00527829,0.051189
2020-04-16 10:27:42.851,230.893,0.00527829,0.051189
2020-04-16 10:27:42.961,230.893,0.0048925,0.051189
2020-04-16 10:27:43.080,230.893,0.0048925,0.051189
2020-04-16 10:27:43.191,230.893,0.0048925,0.051189
2020-04-16 10:27:43.302,230.893,0.0048925,0.051189
2020-04-16 10:27:43.426,230.893,0.0048925,0.051189
2020-04-16 10:27:43.538,230.825,0.0048925,0.051189
2020-04-16 10:27:43.646,230.355,0.00527829,0.0525497
2020-04-16 10:27:43.772,230.355,0.00527829,0.0525497
2020-04-16 10:27:43.871,230.355,0.00527829,0.0525497
2020-04-16 10:27:43.975,230.355,0.00527829,0.0525497
2020-04-16 10:27:44.079,230.355,0.00527829,0.0525497
2020-04-16 10:27:44.186,230.355,0.00527829,0.0525497
2020-04-16 10:27:44.296,230.355,0.00527829,0.0525497
2020-04-16 10:27:44.411,230.355,0.00527829,0.0525497
2020-04-16 10:27:44.526,230.355,0.00527829,0.0525497
2020-04-16 10:27:44.635,230.689,0.00527829,0.0518369
2020-04-16 10:27:44.742,230.689,0.00527829,0.0518369
2020-04-16 10:27:44.864,230.689,0.00527829,0.0518369
2020-04-16 10:27:44.976,230.689,0.00527829,0.0518369
2020-04-16 10:27:45.110,230.689,0.00527829,0.0518369
2020-04-16 10:27:45.222,230.689,0.00527829,0.0518369
2020-04-16 10:27:45.330,230.689,0.00527829,0.0518369
2020-04-16 10:27:45.425,230.689,0.00527829,0.0518369
2020-04-16 10:27:45.520,230.689,0.00527829,0.0518369
2020-04-16 10:27:45.623,230.739,0.00527829,0.0530356
2020-04-16 10:27:45.734,230.739,0.00527829,0.0530356
2020-04-16 10:27:45.845,230.739,0.00527829,0.0530356
2020-04-16 10:27:45.966,230.739,0.00527829,0.0530356
2020-04-16 10:27:46.059,230.739,0.00527829,0.0530356
2020-04-16 10:27:46.174,230.739,0.00527829,0.0530356
2020-04-16 10:27:46.286,230.739,0.00527829,0.0530356
2020-04-16 10:27:46.404,230.739,0.00527829,0.0530356
2020-04-16 10:27:46.534,230.739,0.0048925,0.0530356
2020-04-16 10:27:46.645,230.653,0.00527829,0.0513833
2020-04-16 10:27:46.753,230.653,0.00527829,0.0513833
2020-04-16 10:27:46.868,230.653,0.00527829,0.0513833
2020-04-16 10:27:46.975,230.653,0.00527829,0.0513833
2020-04-16 10:27:47.097,230.795,0.0048925,0.0513833
2020-04-16 10:27:47.218,230.795,0.0048925,0.0513833
2020-04-16 10:27:47.327,230.795,0.0048925,0.0513833
2020-04-16 10:27:47.458,230.795,0.0048925,0.0544918
2020-04-16 10:27:47.579,230.653,0.00527829,0.0521933
2020-04-16 10:27:47.696,230.498,0.00527829,0.0521933
2020-04-16 10:27:47.810,230.498,0.00527829,0.0521933
2020-04-16 10:27:47.908,230.498,0.00527829,0.0521933
2020-04-16 10:27:48.025,230.498,0.00527829,0.0521933
2020-04-16 10:27:48.127,230.498,0.00527829,0.0521933
2020-04-16 10:27:48.236,230.498,0.00527829,0.0521933
2020-04-16 10:27:48.323,230.859,0.00527829,0.0521933
2020-04-16 10:27:48.432,230.859,0.0048925,0.0552584
2020-04-16 10:27:48.563,230.875,0.00527829,0.0546879
2020-04-16 10:27:48.677,230.34,0.00527829,0.0546879
2020-04-16 10:27:48.800,230.34,0.00527829,0.0546879
2020-04-16 10:27:48.917,230.34,0.00527829,0.0546879
2020-04-16 10:27:49.035,230.34,0.00527829,0.0546879
2020-04-16 10:27:49.147,230.34,0.00527829,0.0546879
2020-04-16 10:27:49.267,230.34,0.00527829,0.0546879
2020-04-16 10:27:49.400,230.875,0.00499035,0.0546879
2020-04-16 10:27:49.519,230.94,0.00527829,0.0546879
2020-04-16 10:27:49.650,230.333,0.00527829,0.050055
2020-04-16 10:27:49.797,230.333,0.00527829,0.0539488
2020-04-16 10:27:49.936,230.333,0.00527829,0.050055
2020-04-16 10:27:50.115,230.333,0.00527829,0.0539488
2020-04-16 10:27:50.228,230.333,0.00527829,0.050055
2020-04-16 10:27:50.311,230.333,0.00527829,0.050055
2020-04-16 10:27:50.391,230.333,0.00527829,0.050055
2020-04-16 10:27:50.475,230.333,0.00527829,0.050055
2020-04-16 10:27:50.564,230.455,0.00527829,0.0502818
2020-04-16 10:27:50.650,230.455,0.00527829,0.0502818
2020-04-16 10:27:50.725,230.455,0.00527829,0.0502818
2020-04-16 10:27:50.803,230.455,0.00527829,0.0502818
2020-04-16 10:27:50.888,230.455,0.00527829,0.0502818
2020-04-16 10:27:50.963,230.455,0.00527829,0.0502818
2020-04-16 10:27:51.045,230.455,0.00527829,0.0502818
2020-04-16 10:27:51.152,230.455,0.00527829,0.0502818
2020-04-16 10:27:51.263,230.455,0.00527829,0.0502818
2020-04-16 10:27:51.376,230.455,0.00527829,0.0502818
2020-04-16 10:27:51.484,230.455,0.00527829,0.0502818
2020-04-16 10:27:51.600,230.61,0.00527829,0.053878
2020-04-16 10:27:51.706,230.61,0.00527829,0.053878
2020-04-16 10:27:51.812,230.61,0.00527829,0.053878
2020-04-16 10:27:51.970,230.61,0.00527829,0.0526072
2020-04-16 10:27:52.085,230.996,0.00499035,0.0526072
2020-04-16 10:27:52.192,230.996,0.00499035,0.053878
2020-04-16 10:27:52.306,230.996,0.00499035,0.053878
2020-04-16 10:27:52.439,230.61,0.00527829,0.053878
2020-04-16 10:27:52.543,230.914,0.00499035,0.0521933
2020-04-16 10:27:52.656,230.914,0.00499035,0.0521933
2020-04-16 10:27:52.777,230.914,0.00499035,0.0521933
2020-04-16 10:27:52.882,230.914,0.0051787,0.0521933
2020-04-16 10:27:53.003,230.914,0.00499035,0.0521933
2020-04-16 10:27:53.113,230.914,0.00499035,0.0521933
2020-04-16 10:27:53.226,230.914,0.0051787,0.0521933
2020-04-16 10:27:53.347,230.914,0.0051787,0.0521933
2020-04-16 10:27:53.462,230.854,0.0051787,0.0521933
2020-04-16 10:27:53.558,230.833,0.0051787,0.0529708
2020-04-16 10:27:53.666,230.833,0.00499035,0.0529708
2020-04-16 10:27:53.760,230.833,0.0051787,0.0529708
2020-04-16 10:27:53.859,230.833,0.0051787,0.0529708
2020-04-16 10:27:53.951,230.833,0.0051787,0.0529708
2020-04-16 10:27:54.063,230.833,0.00499035,0.0529708
2020-04-16 10:27:54.174,230.833,0.00499035,0.0529708
2020-04-16 10:27:54.282,230.833,0.0051787,0.0529708
2020-04-16 10:27:54.397,230.833,0.00499035,0.0529708
2020-04-16 10:27:54.518,231.141,0.00499035,0.0529708
2020-04-16 10:27:54.638,230.69,0.00527829,0.0507354
2020-04-16 10:27:54.749,230.69,0.00527829,0.0507354
2020-04-16 10:27:54.862,230.69,0.00527829,0.0507354
2020-04-16 10:27:54.978,230.69,0.00527829,0.0507354
2020-04-16 10:27:55.149,231.141,0.00499035,0.0507354
2020-04-16 10:27:55.265,230.69,0.00527829,0.0507354
2020-04-16 10:27:55.380,230.69,0.00527829,0.0507354
2020-04-16 10:27:55.494,230.69,0.00527829,0.0507354
2020-04-16 10:27:55.610,230.303,0.0051787,0.0501522
2020-04-16 10:27:55.718,230.303,0.0051787,0.0501522
2020-04-16 10:27:55.830,230.303,0.0051787,0.0501522
2020-04-16 10:27:55.939,230.303,0.0051787,0.0501522
2020-04-16 10:27:56.049,230.303,0.0051787,0.0501522
2020-04-16 10:27:56.163,230.303,0.0051787,0.0501522
2020-04-16 10:27:56.278,230.303,0.0051787,0.0501522
2020-04-16 10:27:56.391,230.303,0.0051787,0.0501522
2020-04-16 10:27:56.499,230.303,0.0051787,0.0501522
2020-04-16 10:27:56.607,230.351,0.0051787,0.054526
2020-04-16 10:27:56.721,230.351,0.0051787,0.054526
2020-04-16 10:27:56.850,230.351,0.0051787,0.054526
2020-04-16 10:27:56.970,230.949,0.00499035,0.0487104
2020-04-16 10:27:57.101,230.949,0.0051787,0.054526
2020-04-16 10:27:57.226,230.351,0.0051787,0.054526
2020-04-16 10:27:57.351,230.351,0.0051787,0.054526
2020-04-16 10:27:57.463,230.351,0.0051787,0.054526
2020-04-16 10:27:57.575,230.6,0.00527829,0.0518693
2020-04-16 10:27:57.690,230.6,0.00527829,0.0510102
2020-04-16 10:27:57.807,230.889,0.00499035,0.0510102
2020-04-16 10:27:57.918,230.889,0.00499035,0.0518693
2020-04-16 10:27:58.028,230.889,0.00499035,0.0518693
2020-04-16 10:27:58.156,230.889,0.00499035,0.0518693
2020-04-16 10:27:58.266,230.889,0.00499035,0.0518693
2020-04-16 10:27:58.370,230.889,0.00499035,0.0518693
2020-04-16 10:27:58.489,230.993,0.0048925,0.0518693
2020-04-16 10:27:58.601,230.993,0.0048925,0.0529385
2020-04-16 10:27:58.716,230.993,0.0048925,0.0529385
2020-04-16 10:27:58.820,230.993,0.0048925,0.0529385
2020-04-16 10:27:58.952,230.993,0.0048925,0.0529385
2020-04-16 10:27:59.084,230.993,0.0048925,0.0529385
2020-04-16 10:27:59.186,230.993,0.0048925,0.0529385
2020-04-16 10:27:59.306,230.993,0.0048925,0.0518407
2020-04-16 10:27:59.416,230.993,0.0048925,0.0529385
2020-04-16 10:27:59.551,231.2,0.00527829,0.0509946
2020-04-16 10:27:59.630,231.022,0.0051787,0.0509946
2020-04-16 10:27:59.738,231.022,0.0051787,0.0509946
2020-04-16 10:27:59.850,231.022,0.0051787,0.0509946
2020-04-16 10:27:59.965,231.022,0.0051787,0.0509946
2020-04-16 10:28:00.076,231.022,0.0051787,0.0509946
2020-04-16 10:28:00.195,231.022,0.0051787,0.0509946
2020-04-16 10:28:00.310,231.022,0.0051787,0.0509946
2020-04-16 10:28:00.417,231.022,0.0051787,0.0509946
2020-04-16 10:28:00.530,231.022,0.0051787,0.0534568
2020-04-16 10:28:00.637,230.867,0.00527829,0.0534568
2020-04-16 10:28:00.750,230.867,0.00527829,0.0534568
2020-04-16 10:28:00.858,230.867,0.00527829,0.0534568
2020-04-16 10:28:00.978,230.867,0.00527829,0.0534568
2020-04-16 10:28:01.119,231.28,0.00527829,0.0534568
2020-04-16 10:28:01.232,230.867,0.00527829,0.0534568
2020-04-16 10:28:01.349,230.867,0.00527829,0.0534568
2020-04-16 10:28:01.473,231.068,0.0048925,0.0509144
2020-04-16 10:28:01.590,230.558,0.00527829,0.0496014
2020-04-16 10:28:01.705,230.558,0.00527829,0.0496014
2020-04-16 10:28:01.787,230.558,0.00527829,0.0496014
2020-04-16 10:28:01.878,230.558,0.00527829,0.0496014
2020-04-16 10:28:02.043,230.558,0.00527829,0.0496014
2020-04-16 10:28:02.169,230.558,0.00527829,0.0496014
2020-04-16 10:28:02.284,231.068,0.0048925,0.0496014
2020-04-16 10:28:02.411,231.068,0.0048925,0.0496014
2020-04-16 10:28:02.530,231.014,0.0048925,0.0542992
2020-04-16 10:28:02.663,230.468,0.0048925,0.0542992
2020-04-16 10:28:02.793,230.468,0.00527829,0.0542992
2020-04-16 10:28:02.914,230.468,0.00527829,0.0542992
2020-04-16 10:28:03.026,230.468,0.00527829,0.0542992
2020-04-16 10:28:03.137,230.468,0.00527829,0.0542992
2020-04-16 10:28:03.282,231.014,0.0048925,0.0542992
2020-04-16 10:28:03.408,230.468,0.00527829,0.0542992
2020-04-16 10:28:03.524,230.468,0.00527829,0.0509622
2020-04-16 10:28:03.634,230.401,0.00527829,0.0509622
2020-04-16 10:28:03.760,230.401,0.00527829,0.0509622
2020-04-16 10:28:03.874,230.401,0.00527829,0.0509622
2020-04-16 10:28:03.985,230.639,0.0048925,0.0509622
2020-04-16 10:28:04.123,230.639,0.0048925,0.0509622
2020-04-16 10:28:04.215,230.639,0.0048925,0.0509622
2020-04-16 10:28:04.297,230.639,0.0048925,0.0509622
2020-04-16 10:28:04.409,230.639,0.00527829,0.0509622
2020-04-16 10:28:04.535,230.696,0.00527829,0.0555303
2020-04-16 10:28:04.672,230.696,0.00527829,0.0555303
2020-04-16 10:28:04.759,230.696,0.0048925,0.0555303
2020-04-16 10:28:04.845,230.696,0.0048925,0.0555303
2020-04-16 10:28:04.935,230.696,0.0048925,0.0555303
2020-04-16 10:28:05.061,230.696,0.0048925,0.0555303
2020-04-16 10:28:05.184,230.696,0.0048925,0.0555303
2020-04-16 10:28:05.302,230.696,0.0048925,0.0555303
2020-04-16 10:28:05.414,230.696,0.0048925,0.0555303
2020-04-16 10:28:05.556,230.708,0.00527829,0.0503466
2020-04-16 10:28:05.668,230.563,0.00527829,0.0503466
2020-04-16 10:28:05.783,230.563,0.00527829,0.0503466
2020-04-16 10:28:05.904,230.563,0.00527829,0.0503466
2020-04-16 10:28:06.021,230.563,0.00527829,0.0503466
2020-04-16 10:28:06.136,230.563,0.00527829,0.0503466
2020-04-16 10:28:06.250,230.563,0.00527829,0.0503466
2020-04-16 10:28:06.384,230.563,0.0048925,0.0525753
2020-04-16 10:28:06.464,230.53,0.0048925,0.0503466
2020-04-16 10:28:06.583,230.53,0.0048925,0.0522581
2020-04-16 10:28:06.700,230.53,0.0048925,0.0522581
2020-04-16 10:28:06.810,230.53,0.0048925,0.0522581
2020-04-16 10:28:06.918,230.53,0.0048925,0.0522581
2020-04-16 10:28:07.029,230.53,0.00527829,0.0522581
2020-04-16 10:28:07.136,230.53,0.00527829,0.0522581
2020-04-16 10:28:07.244,230.53,0.00527829,0.0522581
2020-04-16 10:28:07.354,230.53,0.00527829,0.0522581
2020-04-16 10:28:07.458,230.551,0.00527829,0.0522581
2020-04-16 10:28:07.592,230.098,0.0051787,0.0524201
2020-04-16 10:28:07.707,230.551,0.0051787,0.0524201
2020-04-16 10:28:07.818,230.551,0.0051787,0.0524201
2020-04-16 10:28:07.924,230.551,0.0051787,0.0524201
2020-04-16 10:28:08.017,230.551,0.0051787,0.0524201
2020-04-16 10:28:08.124,230.098,0.0051787,0.0524201
2020-04-16 10:28:08.232,230.098,0.0051787,0.0524201
2020-04-16 10:28:08.349,230.098,0.0051787,0.0524201
2020-04-16 10:28:08.456,230.098,0.0051787,0.0524201
2020-04-16 10:28:08.563,230.002,0.00527829,0.0519989
2020-04-16 10:28:08.679,230.002,0.00527829,0.0519989
2020-04-16 10:28:08.791,230.002,0.00527829,0.0519989
2020-04-16 10:28:08.902,230.002,0.00527829,0.0519989
2020-04-16 10:28:08.998,230.576,0.00527829,0.0519989
2020-04-16 10:28:09.102,230.576,0.00527829,0.0519989
2020-04-16 10:28:09.196,230.576,0.00527829,0.0519989
2020-04-16 10:28:09.300,230.576,0.0048925,0.0519989
2020-04-16 10:28:09.388,230.576,0.00527829,0.0519989
2020-04-16 10:28:09.485,230.609,0.00527829,0.0499902
2020-04-16 10:28:09.580,230.609,0.00527829,0.0499902
2020-04-16 10:28:09.678,230.609,0.00527829,0.0499902
2020-04-16 10:28:09.777,230.609,0.00527829,0.0499902
2020-04-16 10:28:09.867,230.609,0.00527829,0.0499902
2020-04-16 10:28:10.006,230.213,0.00527829,0.0499902
2020-04-16 10:28:10.101,230.609,0.0048925,0.0499902
2020-04-16 10:28:10.201,230.609,0.0048925,0.0499902
2020-04-16 10:28:10.305,230.609,0.0048925,0.0496367
2020-04-16 10:28:10.425,230.213,0.00527829,0.0499902
2020-04-16 10:28:10.579,230.333,0.0051787,0.0516809
2020-04-16 10:28:10.716,230.333,0.0048925,0.0516809
2020-04-16 10:28:10.835,230.554,0.0048925,0.0516809
2020-04-16 10:28:10.963,230.554,0.0048925,0.0516809
2020-04-16 10:28:11.085,230.333,0.0051787,0.0524201
2020-04-16 10:28:11.206,230.333,0.0051787,0.0524201
2020-04-16 10:28:11.323,230.333,0.0051787,0.0524201
2020-04-16 10:28:11.442,230.333,0.0051787,0.0524201
2020-04-16 10:28:11.566,230.481,0.0051787,0.0524525
2020-04-16 10:28:11.679,230.481,0.0051787,0.0524525
2020-04-16 10:28:11.787,230.481,0.0051787,0.0524525
2020-04-16 10:28:11.913,230.481,0.0051787,0.0524525
2020-04-16 10:28:12.031,230.481,0.0051787,0.0524525
2020-04-16 10:28:12.143,230.481,0.0051787,0.0524525
2020-04-16 10:28:12.260,230.481,0.0051787,0.0524525
2020-04-16 10:28:12.377,230.481,0.0051787,0.0524525
2020-04-16 10:28:12.499,230.483,0.0048925,0.0557571
2020-04-16 10:28:12.619,230.483,0.0048925,0.0557571
2020-04-16 10:28:12.730,230.483,0.0048925,0.0557571
2020-04-16 10:28:12.847,230.483,0.0048925,0.0557571
2020-04-16 10:28:12.959,230.483,0.0048925,0.0557571
2020-04-16 10:28:13.091,230.483,0.0048925,0.0557571
2020-04-16 10:28:13.184,230.483,0.0048925,0.0517129
2020-04-16 10:28:13.298,230.483,0.0048925,0.0557571
2020-04-16 10:28:13.421,230.483,0.0048925,0.0557571
2020-04-16 10:28:13.546,231.734,0.00499035,0.052192
2020-04-16 10:28:13.656,231.734,0.00499035,0.054202
2020-04-16 10:28:13.770,231.734,0.00499035,0.054202
2020-04-16 10:28:13.893,231.734,0.00499035,0.054202
2020-04-16 10:28:14.028,231.734,0.00527829,0.054202
2020-04-16 10:28:14.165,231.414,0.00527829,0.054202
2020-04-16 10:28:14.312,231.414,0.00527829,0.054202
2020-04-16 10:28:14.456,231.734,0.00499035,0.0551306
2020-04-16 10:28:14.584,231.852,0.0051787,0.0547203
2020-04-16 10:28:14.703,231.852,0.0051787,0.0547203
2020-04-16 10:28:14.820,231.852,0.0051787,0.0547203
2020-04-16 10:28:14.941,231.852,0.0051787,0.0547203
2020-04-16 10:28:15.059,231.852,0.0051787,0.0547203
2020-04-16 10:28:15.181,232.337,0.00499035,0.0547203
2020-04-16 10:28:15.303,232.337,0.00499035,0.0547203
2020-04-16 10:28:15.436,232.337,0.00499035,0.0547203
2020-04-16 10:28:15.568,232.813,0.00527829,0.0516101
2020-04-16 10:28:15.670,232.813,0.00499035,0.0516101
2020-04-16 10:28:15.771,232.813,0.00499035,0.0516101
2020-04-16 10:28:15.884,232.813,0.00527829,0.0516101
2020-04-16 10:28:16.001,232.813,0.00499035,0.0516101
2020-04-16 10:28:16.128,232.813,0.00499035,0.0516101
2020-04-16 10:28:16.243,232.813,0.00499035,0.0516101
2020-04-16 10:28:16.358,232.813,0.00499035,0.0516101
2020-04-16 10:28:16.476,233.0,0.00499035,0.0516101
2020-04-16 10:28:16.598,233.0,0.00499035,0.0504438
2020-04-16 10:28:16.710,233.0,0.00499035,0.0504438
2020-04-16 10:28:16.834,233.0,0.00499035,0.0504438
2020-04-16 10:28:16.962,233.0,0.00527829,0.0504438
2020-04-16 10:28:17.098,233.0,0.00499035,0.0504438
2020-04-16 10:28:17.211,233.0,0.00499035,0.0504438
2020-04-16 10:28:17.343,233.0,0.00499035,0.0506588
2020-04-16 10:28:17.460,232.967,0.00499035,0.0504438
2020-04-16 10:28:17.582,233.036,0.00527829,0.0506706
2020-04-16 10:28:17.712,233.036,0.00527829,0.0506706
2020-04-16 10:28:17.852,233.036,0.00527829,0.0506706
2020-04-16 10:28:17.973,233.036,0.00527829,0.0506706
2020-04-16 10:28:18.105,233.036,0.00527829,0.0506706
2020-04-16 10:28:18.220,233.036,0.00527829,0.0506706
2020-04-16 10:28:18.338,233.036,0.00527829,0.0506706
2020-04-16 10:28:18.453,233.036,0.00527829,0.0506706
2020-04-16 10:28:18.565,232.919,0.00527829,0.0518369
2020-04-16 10:28:18.682,232.919,0.00527829,0.0518369
2020-04-16 10:28:18.807,232.919,0.00527829,0.0518369
2020-04-16 10:28:18.930,232.919,0.00527829,0.0518369
2020-04-16 10:28:19.045,232.919,0.00527829,0.0518369
2020-04-16 10:28:19.167,232.921,0.00499035,0.0518369
2020-04-16 10:28:19.291,232.919,0.00499035,0.0518369
2020-04-16 10:28:19.414,232.921,0.00499035,0.0518369
2020-04-16 10:28:19.535,232.723,0.00499035,0.0525173
2020-04-16 10:28:19.654,232.723,0.00499035,0.0525173
2020-04-16 10:28:19.776,232.723,0.00499035,0.0525173
2020-04-16 10:28:19.908,232.723,0.00499035,0.0525173
2020-04-16 10:28:20.013,232.723,0.00499035,0.0525173
2020-04-16 10:28:20.136,232.52,0.00527829,0.0525173
2020-04-16 10:28:20.276,232.52,0.00527829,0.0525173
2020-04-16 10:28:20.409,232.52,0.00527829,0.0525173
2020-04-16 10:28:20.532,232.264,0.00527829,0.0501198
2020-04-16 10:28:20.647,232.264,0.00527829,0.0501198
2020-04-16 10:28:20.738,232.264,0.00527829,0.0501198
2020-04-16 10:28:20.813,232.264,0.00527829,0.0501198
2020-04-16 10:28:20.931,232.264,0.00527829,0.0501198
2020-04-16 10:28:21.000,232.264,0.00527829,0.0501198
2020-04-16 10:28:21.078,232.264,0.00527829,0.0501198
2020-04-16 10:28:21.180,232.264,0.00527829,0.0501198
2020-04-16 10:28:21.290,232.264,0.00527829,0.0501198
2020-04-16 10:28:21.408,232.264,0.00527829,0.0501198
2020-04-16 10:28:21.540,232.448,0.00527829,0.0502755
2020-04-16 10:28:21.652,232.165,0.00527829,0.0539428
2020-04-16 10:28:21.777,232.165,0.00527829,0.0539428
2020-04-16 10:28:21.897,232.165,0.00527829,0.0539428
2020-04-16 10:28:22.041,232.165,0.00527829,0.0539428
2020-04-16 10:28:22.187,232.165,0.00527829,0.0539428
2020-04-16 10:28:22.314,232.448,0.00499035,0.0539428
2020-04-16 10:28:22.436,232.448,0.00499035,0.0539428
2020-04-16 10:28:22.554,232.555,0.00499035,0.0550119
2020-04-16 10:28:22.683,232.555,0.00499035,0.0550119
2020-04-16 10:28:22.773,232.555,0.00499035,0.0550119
2020-04-16 10:28:22.893,232.555,0.00499035,0.0550119
2020-04-16 10:28:23.000,232.555,0.00499035,0.0550119
2020-04-16 10:28:23.116,232.555,0.00527829,0.0550119
2020-04-16 10:28:23.222,232.555,0.00527829,0.0550119
2020-04-16 10:28:23.353,232.555,0.00527829,0.0550119
2020-04-16 10:28:23.436,232.503,0.00527829,0.0550119
2020-04-16 10:28:23.546,232.571,0.00527829,0.0523877
2020-04-16 10:28:23.661,232.571,0.00527829,0.0523877
2020-04-16 10:28:23.781,232.571,0.00527829,0.0523877
